match_id,stage,stage_name,group,venue,kickoff_utc,taipei_date,taipei_time,home_code,home_name,home_flag,away_code,away_name,away_flag,match_url,live_url,live_score_url,share_card_svg,story_card_svg,calendar_ics,share_pack
1,group,Group A,A,Mexico City Stadium,2026-06-11T19:00:00.000Z,2026-06-12,03:00,MEX,Mexico,🇲🇽,RSA,South Africa,🇿🇦,https://ay-worldcup2026.zeabur.app/match/1,https://ay-worldcup2026.zeabur.app/live/mexico-south-africa,https://ay-worldcup2026.zeabur.app/live-score/mexico-south-africa,https://ay-worldcup2026.zeabur.app/match/1/card.svg?utm_source=public_api&utm_medium=developer_referral&utm_campaign=wc26_public_api&utm_content=share_card_svg,https://ay-worldcup2026.zeabur.app/match/1/story.svg?utm_source=public_api&utm_medium=developer_referral&utm_campaign=wc26_public_api&utm_content=story_card_svg,https://ay-worldcup2026.zeabur.app/match/1.ics?utm_source=public_api&utm_medium=developer_referral&utm_campaign=wc26_public_api&utm_content=calendar_ics,https://ay-worldcup2026.zeabur.app/api/public/v1/matches/1/share?timezone=UTC&utm_source=public_api&utm_medium=developer_referral&utm_campaign=wc26_public_api&utm_content=api_share_pack
2,group,Group A,A,Guadalajara Stadium,2026-06-12T02:00:00.000Z,2026-06-12,10:00,KOR,South Korea,🇰🇷,CZE,Czechia,🇨🇿,https://ay-worldcup2026.zeabur.app/match/2,https://ay-worldcup2026.zeabur.app/live/south-korea-czechia,https://ay-worldcup2026.zeabur.app/live-score/south-korea-czechia,https://ay-worldcup2026.zeabur.app/match/2/card.svg?utm_source=public_api&utm_medium=developer_referral&utm_campaign=wc26_public_api&utm_content=share_card_svg,https://ay-worldcup2026.zeabur.app/match/2/story.svg?utm_source=public_api&utm_medium=developer_referral&utm_campaign=wc26_public_api&utm_content=story_card_svg,https://ay-worldcup2026.zeabur.app/match/2.ics?utm_source=public_api&utm_medium=developer_referral&utm_campaign=wc26_public_api&utm_content=calendar_ics,https://ay-worldcup2026.zeabur.app/api/public/v1/matches/2/share?timezone=UTC&utm_source=public_api&utm_medium=developer_referral&utm_campaign=wc26_public_api&utm_content=api_share_pack
3,group,Group B,B,Toronto Stadium,2026-06-12T19:00:00.000Z,2026-06-13,03:00,CAN,Canada,🇨🇦,BIH,Bosnia & Herzegovina,🇧🇦,https://ay-worldcup2026.zeabur.app/match/3,https://ay-worldcup2026.zeabur.app/live/canada-bosnia-and-herzegovina,https://ay-worldcup2026.zeabur.app/live-score/canada-bosnia-and-herzegovina,https://ay-worldcup2026.zeabur.app/match/3/card.svg?utm_source=public_api&utm_medium=developer_referral&utm_campaign=wc26_public_api&utm_content=share_card_svg,https://ay-worldcup2026.zeabur.app/match/3/story.svg?utm_source=public_api&utm_medium=developer_referral&utm_campaign=wc26_public_api&utm_content=story_card_svg,https://ay-worldcup2026.zeabur.app/match/3.ics?utm_source=public_api&utm_medium=developer_referral&utm_campaign=wc26_public_api&utm_content=calendar_ics,https://ay-worldcup2026.zeabur.app/api/public/v1/matches/3/share?timezone=UTC&utm_source=public_api&utm_medium=developer_referral&utm_campaign=wc26_public_api&utm_content=api_share_pack
4,group,Group D,D,Los Angeles Stadium,2026-06-13T01:00:00.000Z,2026-06-13,09:00,USA,United States,🇺🇸,PAR,Paraguay,🇵🇾,https://ay-worldcup2026.zeabur.app/match/4,https://ay-worldcup2026.zeabur.app/live/usa-paraguay,https://ay-worldcup2026.zeabur.app/live-score/usa-paraguay,https://ay-worldcup2026.zeabur.app/match/4/card.svg?utm_source=public_api&utm_medium=developer_referral&utm_campaign=wc26_public_api&utm_content=share_card_svg,https://ay-worldcup2026.zeabur.app/match/4/story.svg?utm_source=public_api&utm_medium=developer_referral&utm_campaign=wc26_public_api&utm_content=story_card_svg,https://ay-worldcup2026.zeabur.app/match/4.ics?utm_source=public_api&utm_medium=developer_referral&utm_campaign=wc26_public_api&utm_content=calendar_ics,https://ay-worldcup2026.zeabur.app/api/public/v1/matches/4/share?timezone=UTC&utm_source=public_api&utm_medium=developer_referral&utm_campaign=wc26_public_api&utm_content=api_share_pack
5,group,Group C,C,Boston Stadium,2026-06-14T01:00:00.000Z,2026-06-14,09:00,HAI,Haiti,🇭🇹,SCO,Scotland,🏴󠁧󠁢󠁳󠁣󠁴󠁿,https://ay-worldcup2026.zeabur.app/match/5,https://ay-worldcup2026.zeabur.app/live/haiti-scotland,https://ay-worldcup2026.zeabur.app/live-score/haiti-scotland,https://ay-worldcup2026.zeabur.app/match/5/card.svg?utm_source=public_api&utm_medium=developer_referral&utm_campaign=wc26_public_api&utm_content=share_card_svg,https://ay-worldcup2026.zeabur.app/match/5/story.svg?utm_source=public_api&utm_medium=developer_referral&utm_campaign=wc26_public_api&utm_content=story_card_svg,https://ay-worldcup2026.zeabur.app/match/5.ics?utm_source=public_api&utm_medium=developer_referral&utm_campaign=wc26_public_api&utm_content=calendar_ics,https://ay-worldcup2026.zeabur.app/api/public/v1/matches/5/share?timezone=UTC&utm_source=public_api&utm_medium=developer_referral&utm_campaign=wc26_public_api&utm_content=api_share_pack
6,group,Group D,D,BC Place Vancouver,2026-06-14T04:00:00.000Z,2026-06-14,12:00,AUS,Australia,🇦🇺,TUR,Türkiye,🇹🇷,https://ay-worldcup2026.zeabur.app/match/6,https://ay-worldcup2026.zeabur.app/live/australia-turkiye,https://ay-worldcup2026.zeabur.app/live-score/australia-turkiye,https://ay-worldcup2026.zeabur.app/match/6/card.svg?utm_source=public_api&utm_medium=developer_referral&utm_campaign=wc26_public_api&utm_content=share_card_svg,https://ay-worldcup2026.zeabur.app/match/6/story.svg?utm_source=public_api&utm_medium=developer_referral&utm_campaign=wc26_public_api&utm_content=story_card_svg,https://ay-worldcup2026.zeabur.app/match/6.ics?utm_source=public_api&utm_medium=developer_referral&utm_campaign=wc26_public_api&utm_content=calendar_ics,https://ay-worldcup2026.zeabur.app/api/public/v1/matches/6/share?timezone=UTC&utm_source=public_api&utm_medium=developer_referral&utm_campaign=wc26_public_api&utm_content=api_share_pack
7,group,Group C,C,New York/New Jersey Stadium,2026-06-13T22:00:00.000Z,2026-06-14,06:00,BRA,Brazil,🇧🇷,MAR,Morocco,🇲🇦,https://ay-worldcup2026.zeabur.app/match/7,https://ay-worldcup2026.zeabur.app/live/brazil-morocco,https://ay-worldcup2026.zeabur.app/live-score/brazil-morocco,https://ay-worldcup2026.zeabur.app/match/7/card.svg?utm_source=public_api&utm_medium=developer_referral&utm_campaign=wc26_public_api&utm_content=share_card_svg,https://ay-worldcup2026.zeabur.app/match/7/story.svg?utm_source=public_api&utm_medium=developer_referral&utm_campaign=wc26_public_api&utm_content=story_card_svg,https://ay-worldcup2026.zeabur.app/match/7.ics?utm_source=public_api&utm_medium=developer_referral&utm_campaign=wc26_public_api&utm_content=calendar_ics,https://ay-worldcup2026.zeabur.app/api/public/v1/matches/7/share?timezone=UTC&utm_source=public_api&utm_medium=developer_referral&utm_campaign=wc26_public_api&utm_content=api_share_pack
8,group,Group B,B,San Francisco Bay Area Stadium,2026-06-13T19:00:00.000Z,2026-06-14,03:00,QAT,Qatar,🇶🇦,SUI,Switzerland,🇨🇭,https://ay-worldcup2026.zeabur.app/match/8,https://ay-worldcup2026.zeabur.app/live/qatar-switzerland,https://ay-worldcup2026.zeabur.app/live-score/qatar-switzerland,https://ay-worldcup2026.zeabur.app/match/8/card.svg?utm_source=public_api&utm_medium=developer_referral&utm_campaign=wc26_public_api&utm_content=share_card_svg,https://ay-worldcup2026.zeabur.app/match/8/story.svg?utm_source=public_api&utm_medium=developer_referral&utm_campaign=wc26_public_api&utm_content=story_card_svg,https://ay-worldcup2026.zeabur.app/match/8.ics?utm_source=public_api&utm_medium=developer_referral&utm_campaign=wc26_public_api&utm_content=calendar_ics,https://ay-worldcup2026.zeabur.app/api/public/v1/matches/8/share?timezone=UTC&utm_source=public_api&utm_medium=developer_referral&utm_campaign=wc26_public_api&utm_content=api_share_pack
9,group,Group E,E,Philadelphia Stadium,2026-06-14T23:00:00.000Z,2026-06-15,07:00,CIV,Côte d’Ivoire,🇨🇮,ECU,Ecuador,🇪🇨,https://ay-worldcup2026.zeabur.app/match/9,https://ay-worldcup2026.zeabur.app/live/cote-d-ivoire-ecuador,https://ay-worldcup2026.zeabur.app/live-score/cote-d-ivoire-ecuador,https://ay-worldcup2026.zeabur.app/match/9/card.svg?utm_source=public_api&utm_medium=developer_referral&utm_campaign=wc26_public_api&utm_content=share_card_svg,https://ay-worldcup2026.zeabur.app/match/9/story.svg?utm_source=public_api&utm_medium=developer_referral&utm_campaign=wc26_public_api&utm_content=story_card_svg,https://ay-worldcup2026.zeabur.app/match/9.ics?utm_source=public_api&utm_medium=developer_referral&utm_campaign=wc26_public_api&utm_content=calendar_ics,https://ay-worldcup2026.zeabur.app/api/public/v1/matches/9/share?timezone=UTC&utm_source=public_api&utm_medium=developer_referral&utm_campaign=wc26_public_api&utm_content=api_share_pack
10,group,Group E,E,Houston Stadium,2026-06-14T17:00:00.000Z,2026-06-15,01:00,GER,Germany,🇩🇪,CUW,Curaçao,🇨🇼,https://ay-worldcup2026.zeabur.app/match/10,https://ay-worldcup2026.zeabur.app/live/germany-curacao,https://ay-worldcup2026.zeabur.app/live-score/germany-curacao,https://ay-worldcup2026.zeabur.app/match/10/card.svg?utm_source=public_api&utm_medium=developer_referral&utm_campaign=wc26_public_api&utm_content=share_card_svg,https://ay-worldcup2026.zeabur.app/match/10/story.svg?utm_source=public_api&utm_medium=developer_referral&utm_campaign=wc26_public_api&utm_content=story_card_svg,https://ay-worldcup2026.zeabur.app/match/10.ics?utm_source=public_api&utm_medium=developer_referral&utm_campaign=wc26_public_api&utm_content=calendar_ics,https://ay-worldcup2026.zeabur.app/api/public/v1/matches/10/share?timezone=UTC&utm_source=public_api&utm_medium=developer_referral&utm_campaign=wc26_public_api&utm_content=api_share_pack
11,group,Group F,F,Dallas Stadium,2026-06-14T20:00:00.000Z,2026-06-15,04:00,NED,Netherlands,🇳🇱,JPN,Japan,🇯🇵,https://ay-worldcup2026.zeabur.app/match/11,https://ay-worldcup2026.zeabur.app/live/netherlands-japan,https://ay-worldcup2026.zeabur.app/live-score/netherlands-japan,https://ay-worldcup2026.zeabur.app/match/11/card.svg?utm_source=public_api&utm_medium=developer_referral&utm_campaign=wc26_public_api&utm_content=share_card_svg,https://ay-worldcup2026.zeabur.app/match/11/story.svg?utm_source=public_api&utm_medium=developer_referral&utm_campaign=wc26_public_api&utm_content=story_card_svg,https://ay-worldcup2026.zeabur.app/match/11.ics?utm_source=public_api&utm_medium=developer_referral&utm_campaign=wc26_public_api&utm_content=calendar_ics,https://ay-worldcup2026.zeabur.app/api/public/v1/matches/11/share?timezone=UTC&utm_source=public_api&utm_medium=developer_referral&utm_campaign=wc26_public_api&utm_content=api_share_pack
12,group,Group F,F,Monterrey Stadium,2026-06-15T02:00:00.000Z,2026-06-15,10:00,SWE,Sweden,🇸🇪,TUN,Tunisia,🇹🇳,https://ay-worldcup2026.zeabur.app/match/12,https://ay-worldcup2026.zeabur.app/live/sweden-tunisia,https://ay-worldcup2026.zeabur.app/live-score/sweden-tunisia,https://ay-worldcup2026.zeabur.app/match/12/card.svg?utm_source=public_api&utm_medium=developer_referral&utm_campaign=wc26_public_api&utm_content=share_card_svg,https://ay-worldcup2026.zeabur.app/match/12/story.svg?utm_source=public_api&utm_medium=developer_referral&utm_campaign=wc26_public_api&utm_content=story_card_svg,https://ay-worldcup2026.zeabur.app/match/12.ics?utm_source=public_api&utm_medium=developer_referral&utm_campaign=wc26_public_api&utm_content=calendar_ics,https://ay-worldcup2026.zeabur.app/api/public/v1/matches/12/share?timezone=UTC&utm_source=public_api&utm_medium=developer_referral&utm_campaign=wc26_public_api&utm_content=api_share_pack
13,group,Group H,H,Miami Stadium,2026-06-15T22:00:00.000Z,2026-06-16,06:00,KSA,Saudi Arabia,🇸🇦,URU,Uruguay,🇺🇾,https://ay-worldcup2026.zeabur.app/match/13,https://ay-worldcup2026.zeabur.app/live/saudi-arabia-uruguay,https://ay-worldcup2026.zeabur.app/live-score/saudi-arabia-uruguay,https://ay-worldcup2026.zeabur.app/match/13/card.svg?utm_source=public_api&utm_medium=developer_referral&utm_campaign=wc26_public_api&utm_content=share_card_svg,https://ay-worldcup2026.zeabur.app/match/13/story.svg?utm_source=public_api&utm_medium=developer_referral&utm_campaign=wc26_public_api&utm_content=story_card_svg,https://ay-worldcup2026.zeabur.app/match/13.ics?utm_source=public_api&utm_medium=developer_referral&utm_campaign=wc26_public_api&utm_content=calendar_ics,https://ay-worldcup2026.zeabur.app/api/public/v1/matches/13/share?timezone=UTC&utm_source=public_api&utm_medium=developer_referral&utm_campaign=wc26_public_api&utm_content=api_share_pack
14,group,Group H,H,Atlanta Stadium,2026-06-15T16:00:00.000Z,2026-06-16,00:00,ESP,Spain,🇪🇸,CPV,Cape Verde,🇨🇻,https://ay-worldcup2026.zeabur.app/match/14,https://ay-worldcup2026.zeabur.app/live/spain-cape-verde,https://ay-worldcup2026.zeabur.app/live-score/spain-cape-verde,https://ay-worldcup2026.zeabur.app/match/14/card.svg?utm_source=public_api&utm_medium=developer_referral&utm_campaign=wc26_public_api&utm_content=share_card_svg,https://ay-worldcup2026.zeabur.app/match/14/story.svg?utm_source=public_api&utm_medium=developer_referral&utm_campaign=wc26_public_api&utm_content=story_card_svg,https://ay-worldcup2026.zeabur.app/match/14.ics?utm_source=public_api&utm_medium=developer_referral&utm_campaign=wc26_public_api&utm_content=calendar_ics,https://ay-worldcup2026.zeabur.app/api/public/v1/matches/14/share?timezone=UTC&utm_source=public_api&utm_medium=developer_referral&utm_campaign=wc26_public_api&utm_content=api_share_pack
15,group,Group G,G,Los Angeles Stadium,2026-06-16T01:00:00.000Z,2026-06-16,09:00,IRN,Iran,🇮🇷,NZL,New Zealand,🇳🇿,https://ay-worldcup2026.zeabur.app/match/15,https://ay-worldcup2026.zeabur.app/live/iran-new-zealand,https://ay-worldcup2026.zeabur.app/live-score/iran-new-zealand,https://ay-worldcup2026.zeabur.app/match/15/card.svg?utm_source=public_api&utm_medium=developer_referral&utm_campaign=wc26_public_api&utm_content=share_card_svg,https://ay-worldcup2026.zeabur.app/match/15/story.svg?utm_source=public_api&utm_medium=developer_referral&utm_campaign=wc26_public_api&utm_content=story_card_svg,https://ay-worldcup2026.zeabur.app/match/15.ics?utm_source=public_api&utm_medium=developer_referral&utm_campaign=wc26_public_api&utm_content=calendar_ics,https://ay-worldcup2026.zeabur.app/api/public/v1/matches/15/share?timezone=UTC&utm_source=public_api&utm_medium=developer_referral&utm_campaign=wc26_public_api&utm_content=api_share_pack
16,group,Group G,G,Seattle Stadium,2026-06-15T19:00:00.000Z,2026-06-16,03:00,BEL,Belgium,🇧🇪,EGY,Egypt,🇪🇬,https://ay-worldcup2026.zeabur.app/match/16,https://ay-worldcup2026.zeabur.app/live/belgium-egypt,https://ay-worldcup2026.zeabur.app/live-score/belgium-egypt,https://ay-worldcup2026.zeabur.app/match/16/card.svg?utm_source=public_api&utm_medium=developer_referral&utm_campaign=wc26_public_api&utm_content=share_card_svg,https://ay-worldcup2026.zeabur.app/match/16/story.svg?utm_source=public_api&utm_medium=developer_referral&utm_campaign=wc26_public_api&utm_content=story_card_svg,https://ay-worldcup2026.zeabur.app/match/16.ics?utm_source=public_api&utm_medium=developer_referral&utm_campaign=wc26_public_api&utm_content=calendar_ics,https://ay-worldcup2026.zeabur.app/api/public/v1/matches/16/share?timezone=UTC&utm_source=public_api&utm_medium=developer_referral&utm_campaign=wc26_public_api&utm_content=api_share_pack
17,group,Group I,I,New York/New Jersey Stadium,2026-06-16T19:00:00.000Z,2026-06-17,03:00,FRA,France,🇫🇷,SEN,Senegal,🇸🇳,https://ay-worldcup2026.zeabur.app/match/17,https://ay-worldcup2026.zeabur.app/live/france-senegal,https://ay-worldcup2026.zeabur.app/live-score/france-senegal,https://ay-worldcup2026.zeabur.app/match/17/card.svg?utm_source=public_api&utm_medium=developer_referral&utm_campaign=wc26_public_api&utm_content=share_card_svg,https://ay-worldcup2026.zeabur.app/match/17/story.svg?utm_source=public_api&utm_medium=developer_referral&utm_campaign=wc26_public_api&utm_content=story_card_svg,https://ay-worldcup2026.zeabur.app/match/17.ics?utm_source=public_api&utm_medium=developer_referral&utm_campaign=wc26_public_api&utm_content=calendar_ics,https://ay-worldcup2026.zeabur.app/api/public/v1/matches/17/share?timezone=UTC&utm_source=public_api&utm_medium=developer_referral&utm_campaign=wc26_public_api&utm_content=api_share_pack
18,group,Group I,I,Boston Stadium,2026-06-16T22:00:00.000Z,2026-06-17,06:00,IRQ,Iraq,🇮🇶,NOR,Norway,🇳🇴,https://ay-worldcup2026.zeabur.app/match/18,https://ay-worldcup2026.zeabur.app/live/iraq-norway,https://ay-worldcup2026.zeabur.app/live-score/iraq-norway,https://ay-worldcup2026.zeabur.app/match/18/card.svg?utm_source=public_api&utm_medium=developer_referral&utm_campaign=wc26_public_api&utm_content=share_card_svg,https://ay-worldcup2026.zeabur.app/match/18/story.svg?utm_source=public_api&utm_medium=developer_referral&utm_campaign=wc26_public_api&utm_content=story_card_svg,https://ay-worldcup2026.zeabur.app/match/18.ics?utm_source=public_api&utm_medium=developer_referral&utm_campaign=wc26_public_api&utm_content=calendar_ics,https://ay-worldcup2026.zeabur.app/api/public/v1/matches/18/share?timezone=UTC&utm_source=public_api&utm_medium=developer_referral&utm_campaign=wc26_public_api&utm_content=api_share_pack
19,group,Group J,J,Kansas City Stadium,2026-06-17T01:00:00.000Z,2026-06-17,09:00,ARG,Argentina,🇦🇷,ALG,Algeria,🇩🇿,https://ay-worldcup2026.zeabur.app/match/19,https://ay-worldcup2026.zeabur.app/live/argentina-algeria,https://ay-worldcup2026.zeabur.app/live-score/argentina-algeria,https://ay-worldcup2026.zeabur.app/match/19/card.svg?utm_source=public_api&utm_medium=developer_referral&utm_campaign=wc26_public_api&utm_content=share_card_svg,https://ay-worldcup2026.zeabur.app/match/19/story.svg?utm_source=public_api&utm_medium=developer_referral&utm_campaign=wc26_public_api&utm_content=story_card_svg,https://ay-worldcup2026.zeabur.app/match/19.ics?utm_source=public_api&utm_medium=developer_referral&utm_campaign=wc26_public_api&utm_content=calendar_ics,https://ay-worldcup2026.zeabur.app/api/public/v1/matches/19/share?timezone=UTC&utm_source=public_api&utm_medium=developer_referral&utm_campaign=wc26_public_api&utm_content=api_share_pack
20,group,Group J,J,San Francisco Bay Area Stadium,2026-06-17T04:00:00.000Z,2026-06-17,12:00,AUT,Austria,🇦🇹,JOR,Jordan,🇯🇴,https://ay-worldcup2026.zeabur.app/match/20,https://ay-worldcup2026.zeabur.app/live/austria-jordan,https://ay-worldcup2026.zeabur.app/live-score/austria-jordan,https://ay-worldcup2026.zeabur.app/match/20/card.svg?utm_source=public_api&utm_medium=developer_referral&utm_campaign=wc26_public_api&utm_content=share_card_svg,https://ay-worldcup2026.zeabur.app/match/20/story.svg?utm_source=public_api&utm_medium=developer_referral&utm_campaign=wc26_public_api&utm_content=story_card_svg,https://ay-worldcup2026.zeabur.app/match/20.ics?utm_source=public_api&utm_medium=developer_referral&utm_campaign=wc26_public_api&utm_content=calendar_ics,https://ay-worldcup2026.zeabur.app/api/public/v1/matches/20/share?timezone=UTC&utm_source=public_api&utm_medium=developer_referral&utm_campaign=wc26_public_api&utm_content=api_share_pack
21,group,Group L,L,Toronto Stadium,2026-06-17T23:00:00.000Z,2026-06-18,07:00,GHA,Ghana,🇬🇭,PAN,Panama,🇵🇦,https://ay-worldcup2026.zeabur.app/match/21,https://ay-worldcup2026.zeabur.app/live/ghana-panama,https://ay-worldcup2026.zeabur.app/live-score/ghana-panama,https://ay-worldcup2026.zeabur.app/match/21/card.svg?utm_source=public_api&utm_medium=developer_referral&utm_campaign=wc26_public_api&utm_content=share_card_svg,https://ay-worldcup2026.zeabur.app/match/21/story.svg?utm_source=public_api&utm_medium=developer_referral&utm_campaign=wc26_public_api&utm_content=story_card_svg,https://ay-worldcup2026.zeabur.app/match/21.ics?utm_source=public_api&utm_medium=developer_referral&utm_campaign=wc26_public_api&utm_content=calendar_ics,https://ay-worldcup2026.zeabur.app/api/public/v1/matches/21/share?timezone=UTC&utm_source=public_api&utm_medium=developer_referral&utm_campaign=wc26_public_api&utm_content=api_share_pack
22,group,Group L,L,Dallas Stadium,2026-06-17T20:00:00.000Z,2026-06-18,04:00,ENG,England,🏴󠁧󠁢󠁥󠁮󠁧󠁿,CRO,Croatia,🇭🇷,https://ay-worldcup2026.zeabur.app/match/22,https://ay-worldcup2026.zeabur.app/live/england-croatia,https://ay-worldcup2026.zeabur.app/live-score/england-croatia,https://ay-worldcup2026.zeabur.app/match/22/card.svg?utm_source=public_api&utm_medium=developer_referral&utm_campaign=wc26_public_api&utm_content=share_card_svg,https://ay-worldcup2026.zeabur.app/match/22/story.svg?utm_source=public_api&utm_medium=developer_referral&utm_campaign=wc26_public_api&utm_content=story_card_svg,https://ay-worldcup2026.zeabur.app/match/22.ics?utm_source=public_api&utm_medium=developer_referral&utm_campaign=wc26_public_api&utm_content=calendar_ics,https://ay-worldcup2026.zeabur.app/api/public/v1/matches/22/share?timezone=UTC&utm_source=public_api&utm_medium=developer_referral&utm_campaign=wc26_public_api&utm_content=api_share_pack
23,group,Group K,K,Houston Stadium,2026-06-17T17:00:00.000Z,2026-06-18,01:00,POR,Portugal,🇵🇹,COD,Congo - Kinshasa,🇨🇩,https://ay-worldcup2026.zeabur.app/match/23,https://ay-worldcup2026.zeabur.app/live/portugal-congo-kinshasa,https://ay-worldcup2026.zeabur.app/live-score/portugal-congo-kinshasa,https://ay-worldcup2026.zeabur.app/match/23/card.svg?utm_source=public_api&utm_medium=developer_referral&utm_campaign=wc26_public_api&utm_content=share_card_svg,https://ay-worldcup2026.zeabur.app/match/23/story.svg?utm_source=public_api&utm_medium=developer_referral&utm_campaign=wc26_public_api&utm_content=story_card_svg,https://ay-worldcup2026.zeabur.app/match/23.ics?utm_source=public_api&utm_medium=developer_referral&utm_campaign=wc26_public_api&utm_content=calendar_ics,https://ay-worldcup2026.zeabur.app/api/public/v1/matches/23/share?timezone=UTC&utm_source=public_api&utm_medium=developer_referral&utm_campaign=wc26_public_api&utm_content=api_share_pack
24,group,Group K,K,Mexico City Stadium,2026-06-18T02:00:00.000Z,2026-06-18,10:00,UZB,Uzbekistan,🇺🇿,COL,Colombia,🇨🇴,https://ay-worldcup2026.zeabur.app/match/24,https://ay-worldcup2026.zeabur.app/live/uzbekistan-colombia,https://ay-worldcup2026.zeabur.app/live-score/uzbekistan-colombia,https://ay-worldcup2026.zeabur.app/match/24/card.svg?utm_source=public_api&utm_medium=developer_referral&utm_campaign=wc26_public_api&utm_content=share_card_svg,https://ay-worldcup2026.zeabur.app/match/24/story.svg?utm_source=public_api&utm_medium=developer_referral&utm_campaign=wc26_public_api&utm_content=story_card_svg,https://ay-worldcup2026.zeabur.app/match/24.ics?utm_source=public_api&utm_medium=developer_referral&utm_campaign=wc26_public_api&utm_content=calendar_ics,https://ay-worldcup2026.zeabur.app/api/public/v1/matches/24/share?timezone=UTC&utm_source=public_api&utm_medium=developer_referral&utm_campaign=wc26_public_api&utm_content=api_share_pack
25,group,Group A,A,Atlanta Stadium,2026-06-18T16:00:00.000Z,2026-06-19,00:00,CZE,Czechia,🇨🇿,RSA,South Africa,🇿🇦,https://ay-worldcup2026.zeabur.app/match/25,https://ay-worldcup2026.zeabur.app/live/czechia-south-africa,https://ay-worldcup2026.zeabur.app/live-score/czechia-south-africa,https://ay-worldcup2026.zeabur.app/match/25/card.svg?utm_source=public_api&utm_medium=developer_referral&utm_campaign=wc26_public_api&utm_content=share_card_svg,https://ay-worldcup2026.zeabur.app/match/25/story.svg?utm_source=public_api&utm_medium=developer_referral&utm_campaign=wc26_public_api&utm_content=story_card_svg,https://ay-worldcup2026.zeabur.app/match/25.ics?utm_source=public_api&utm_medium=developer_referral&utm_campaign=wc26_public_api&utm_content=calendar_ics,https://ay-worldcup2026.zeabur.app/api/public/v1/matches/25/share?timezone=UTC&utm_source=public_api&utm_medium=developer_referral&utm_campaign=wc26_public_api&utm_content=api_share_pack
26,group,Group B,B,Los Angeles Stadium,2026-06-18T19:00:00.000Z,2026-06-19,03:00,SUI,Switzerland,🇨🇭,BIH,Bosnia & Herzegovina,🇧🇦,https://ay-worldcup2026.zeabur.app/match/26,https://ay-worldcup2026.zeabur.app/live/switzerland-bosnia-and-herzegovina,https://ay-worldcup2026.zeabur.app/live-score/switzerland-bosnia-and-herzegovina,https://ay-worldcup2026.zeabur.app/match/26/card.svg?utm_source=public_api&utm_medium=developer_referral&utm_campaign=wc26_public_api&utm_content=share_card_svg,https://ay-worldcup2026.zeabur.app/match/26/story.svg?utm_source=public_api&utm_medium=developer_referral&utm_campaign=wc26_public_api&utm_content=story_card_svg,https://ay-worldcup2026.zeabur.app/match/26.ics?utm_source=public_api&utm_medium=developer_referral&utm_campaign=wc26_public_api&utm_content=calendar_ics,https://ay-worldcup2026.zeabur.app/api/public/v1/matches/26/share?timezone=UTC&utm_source=public_api&utm_medium=developer_referral&utm_campaign=wc26_public_api&utm_content=api_share_pack
27,group,Group B,B,BC Place Vancouver,2026-06-18T22:00:00.000Z,2026-06-19,06:00,CAN,Canada,🇨🇦,QAT,Qatar,🇶🇦,https://ay-worldcup2026.zeabur.app/match/27,https://ay-worldcup2026.zeabur.app/live/canada-qatar,https://ay-worldcup2026.zeabur.app/live-score/canada-qatar,https://ay-worldcup2026.zeabur.app/match/27/card.svg?utm_source=public_api&utm_medium=developer_referral&utm_campaign=wc26_public_api&utm_content=share_card_svg,https://ay-worldcup2026.zeabur.app/match/27/story.svg?utm_source=public_api&utm_medium=developer_referral&utm_campaign=wc26_public_api&utm_content=story_card_svg,https://ay-worldcup2026.zeabur.app/match/27.ics?utm_source=public_api&utm_medium=developer_referral&utm_campaign=wc26_public_api&utm_content=calendar_ics,https://ay-worldcup2026.zeabur.app/api/public/v1/matches/27/share?timezone=UTC&utm_source=public_api&utm_medium=developer_referral&utm_campaign=wc26_public_api&utm_content=api_share_pack
28,group,Group A,A,Guadalajara Stadium,2026-06-19T01:00:00.000Z,2026-06-19,09:00,MEX,Mexico,🇲🇽,KOR,South Korea,🇰🇷,https://ay-worldcup2026.zeabur.app/match/28,https://ay-worldcup2026.zeabur.app/live/mexico-south-korea,https://ay-worldcup2026.zeabur.app/live-score/mexico-south-korea,https://ay-worldcup2026.zeabur.app/match/28/card.svg?utm_source=public_api&utm_medium=developer_referral&utm_campaign=wc26_public_api&utm_content=share_card_svg,https://ay-worldcup2026.zeabur.app/match/28/story.svg?utm_source=public_api&utm_medium=developer_referral&utm_campaign=wc26_public_api&utm_content=story_card_svg,https://ay-worldcup2026.zeabur.app/match/28.ics?utm_source=public_api&utm_medium=developer_referral&utm_campaign=wc26_public_api&utm_content=calendar_ics,https://ay-worldcup2026.zeabur.app/api/public/v1/matches/28/share?timezone=UTC&utm_source=public_api&utm_medium=developer_referral&utm_campaign=wc26_public_api&utm_content=api_share_pack
29,group,Group C,C,Philadelphia Stadium,2026-06-20T00:30:00.000Z,2026-06-20,08:30,BRA,Brazil,🇧🇷,HAI,Haiti,🇭🇹,https://ay-worldcup2026.zeabur.app/match/29,https://ay-worldcup2026.zeabur.app/live/brazil-haiti,https://ay-worldcup2026.zeabur.app/live-score/brazil-haiti,https://ay-worldcup2026.zeabur.app/match/29/card.svg?utm_source=public_api&utm_medium=developer_referral&utm_campaign=wc26_public_api&utm_content=share_card_svg,https://ay-worldcup2026.zeabur.app/match/29/story.svg?utm_source=public_api&utm_medium=developer_referral&utm_campaign=wc26_public_api&utm_content=story_card_svg,https://ay-worldcup2026.zeabur.app/match/29.ics?utm_source=public_api&utm_medium=developer_referral&utm_campaign=wc26_public_api&utm_content=calendar_ics,https://ay-worldcup2026.zeabur.app/api/public/v1/matches/29/share?timezone=UTC&utm_source=public_api&utm_medium=developer_referral&utm_campaign=wc26_public_api&utm_content=api_share_pack
30,group,Group C,C,Boston Stadium,2026-06-19T22:00:00.000Z,2026-06-20,06:00,SCO,Scotland,🏴󠁧󠁢󠁳󠁣󠁴󠁿,MAR,Morocco,🇲🇦,https://ay-worldcup2026.zeabur.app/match/30,https://ay-worldcup2026.zeabur.app/live/scotland-morocco,https://ay-worldcup2026.zeabur.app/live-score/scotland-morocco,https://ay-worldcup2026.zeabur.app/match/30/card.svg?utm_source=public_api&utm_medium=developer_referral&utm_campaign=wc26_public_api&utm_content=share_card_svg,https://ay-worldcup2026.zeabur.app/match/30/story.svg?utm_source=public_api&utm_medium=developer_referral&utm_campaign=wc26_public_api&utm_content=story_card_svg,https://ay-worldcup2026.zeabur.app/match/30.ics?utm_source=public_api&utm_medium=developer_referral&utm_campaign=wc26_public_api&utm_content=calendar_ics,https://ay-worldcup2026.zeabur.app/api/public/v1/matches/30/share?timezone=UTC&utm_source=public_api&utm_medium=developer_referral&utm_campaign=wc26_public_api&utm_content=api_share_pack
31,group,Group D,D,San Francisco Bay Area Stadium,2026-06-20T03:00:00.000Z,2026-06-20,11:00,TUR,Türkiye,🇹🇷,PAR,Paraguay,🇵🇾,https://ay-worldcup2026.zeabur.app/match/31,https://ay-worldcup2026.zeabur.app/live/turkiye-paraguay,https://ay-worldcup2026.zeabur.app/live-score/turkiye-paraguay,https://ay-worldcup2026.zeabur.app/match/31/card.svg?utm_source=public_api&utm_medium=developer_referral&utm_campaign=wc26_public_api&utm_content=share_card_svg,https://ay-worldcup2026.zeabur.app/match/31/story.svg?utm_source=public_api&utm_medium=developer_referral&utm_campaign=wc26_public_api&utm_content=story_card_svg,https://ay-worldcup2026.zeabur.app/match/31.ics?utm_source=public_api&utm_medium=developer_referral&utm_campaign=wc26_public_api&utm_content=calendar_ics,https://ay-worldcup2026.zeabur.app/api/public/v1/matches/31/share?timezone=UTC&utm_source=public_api&utm_medium=developer_referral&utm_campaign=wc26_public_api&utm_content=api_share_pack
32,group,Group D,D,Seattle Stadium,2026-06-19T19:00:00.000Z,2026-06-20,03:00,USA,United States,🇺🇸,AUS,Australia,🇦🇺,https://ay-worldcup2026.zeabur.app/match/32,https://ay-worldcup2026.zeabur.app/live/usa-australia,https://ay-worldcup2026.zeabur.app/live-score/usa-australia,https://ay-worldcup2026.zeabur.app/match/32/card.svg?utm_source=public_api&utm_medium=developer_referral&utm_campaign=wc26_public_api&utm_content=share_card_svg,https://ay-worldcup2026.zeabur.app/match/32/story.svg?utm_source=public_api&utm_medium=developer_referral&utm_campaign=wc26_public_api&utm_content=story_card_svg,https://ay-worldcup2026.zeabur.app/match/32.ics?utm_source=public_api&utm_medium=developer_referral&utm_campaign=wc26_public_api&utm_content=calendar_ics,https://ay-worldcup2026.zeabur.app/api/public/v1/matches/32/share?timezone=UTC&utm_source=public_api&utm_medium=developer_referral&utm_campaign=wc26_public_api&utm_content=api_share_pack
33,group,Group E,E,Toronto Stadium,2026-06-20T20:00:00.000Z,2026-06-21,04:00,GER,Germany,🇩🇪,CIV,Côte d’Ivoire,🇨🇮,https://ay-worldcup2026.zeabur.app/match/33,https://ay-worldcup2026.zeabur.app/live/germany-cote-d-ivoire,https://ay-worldcup2026.zeabur.app/live-score/germany-cote-d-ivoire,https://ay-worldcup2026.zeabur.app/match/33/card.svg?utm_source=public_api&utm_medium=developer_referral&utm_campaign=wc26_public_api&utm_content=share_card_svg,https://ay-worldcup2026.zeabur.app/match/33/story.svg?utm_source=public_api&utm_medium=developer_referral&utm_campaign=wc26_public_api&utm_content=story_card_svg,https://ay-worldcup2026.zeabur.app/match/33.ics?utm_source=public_api&utm_medium=developer_referral&utm_campaign=wc26_public_api&utm_content=calendar_ics,https://ay-worldcup2026.zeabur.app/api/public/v1/matches/33/share?timezone=UTC&utm_source=public_api&utm_medium=developer_referral&utm_campaign=wc26_public_api&utm_content=api_share_pack
34,group,Group E,E,Kansas City Stadium,2026-06-21T00:00:00.000Z,2026-06-21,08:00,ECU,Ecuador,🇪🇨,CUW,Curaçao,🇨🇼,https://ay-worldcup2026.zeabur.app/match/34,https://ay-worldcup2026.zeabur.app/live/ecuador-curacao,https://ay-worldcup2026.zeabur.app/live-score/ecuador-curacao,https://ay-worldcup2026.zeabur.app/match/34/card.svg?utm_source=public_api&utm_medium=developer_referral&utm_campaign=wc26_public_api&utm_content=share_card_svg,https://ay-worldcup2026.zeabur.app/match/34/story.svg?utm_source=public_api&utm_medium=developer_referral&utm_campaign=wc26_public_api&utm_content=story_card_svg,https://ay-worldcup2026.zeabur.app/match/34.ics?utm_source=public_api&utm_medium=developer_referral&utm_campaign=wc26_public_api&utm_content=calendar_ics,https://ay-worldcup2026.zeabur.app/api/public/v1/matches/34/share?timezone=UTC&utm_source=public_api&utm_medium=developer_referral&utm_campaign=wc26_public_api&utm_content=api_share_pack
35,group,Group F,F,Houston Stadium,2026-06-20T17:00:00.000Z,2026-06-21,01:00,NED,Netherlands,🇳🇱,SWE,Sweden,🇸🇪,https://ay-worldcup2026.zeabur.app/match/35,https://ay-worldcup2026.zeabur.app/live/netherlands-sweden,https://ay-worldcup2026.zeabur.app/live-score/netherlands-sweden,https://ay-worldcup2026.zeabur.app/match/35/card.svg?utm_source=public_api&utm_medium=developer_referral&utm_campaign=wc26_public_api&utm_content=share_card_svg,https://ay-worldcup2026.zeabur.app/match/35/story.svg?utm_source=public_api&utm_medium=developer_referral&utm_campaign=wc26_public_api&utm_content=story_card_svg,https://ay-worldcup2026.zeabur.app/match/35.ics?utm_source=public_api&utm_medium=developer_referral&utm_campaign=wc26_public_api&utm_content=calendar_ics,https://ay-worldcup2026.zeabur.app/api/public/v1/matches/35/share?timezone=UTC&utm_source=public_api&utm_medium=developer_referral&utm_campaign=wc26_public_api&utm_content=api_share_pack
36,group,Group F,F,Monterrey Stadium,2026-06-21T04:00:00.000Z,2026-06-21,12:00,TUN,Tunisia,🇹🇳,JPN,Japan,🇯🇵,https://ay-worldcup2026.zeabur.app/match/36,https://ay-worldcup2026.zeabur.app/live/tunisia-japan,https://ay-worldcup2026.zeabur.app/live-score/tunisia-japan,https://ay-worldcup2026.zeabur.app/match/36/card.svg?utm_source=public_api&utm_medium=developer_referral&utm_campaign=wc26_public_api&utm_content=share_card_svg,https://ay-worldcup2026.zeabur.app/match/36/story.svg?utm_source=public_api&utm_medium=developer_referral&utm_campaign=wc26_public_api&utm_content=story_card_svg,https://ay-worldcup2026.zeabur.app/match/36.ics?utm_source=public_api&utm_medium=developer_referral&utm_campaign=wc26_public_api&utm_content=calendar_ics,https://ay-worldcup2026.zeabur.app/api/public/v1/matches/36/share?timezone=UTC&utm_source=public_api&utm_medium=developer_referral&utm_campaign=wc26_public_api&utm_content=api_share_pack
37,group,Group H,H,Miami Stadium,2026-06-21T22:00:00.000Z,2026-06-22,06:00,URU,Uruguay,🇺🇾,CPV,Cape Verde,🇨🇻,https://ay-worldcup2026.zeabur.app/match/37,https://ay-worldcup2026.zeabur.app/live/uruguay-cape-verde,https://ay-worldcup2026.zeabur.app/live-score/uruguay-cape-verde,https://ay-worldcup2026.zeabur.app/match/37/card.svg?utm_source=public_api&utm_medium=developer_referral&utm_campaign=wc26_public_api&utm_content=share_card_svg,https://ay-worldcup2026.zeabur.app/match/37/story.svg?utm_source=public_api&utm_medium=developer_referral&utm_campaign=wc26_public_api&utm_content=story_card_svg,https://ay-worldcup2026.zeabur.app/match/37.ics?utm_source=public_api&utm_medium=developer_referral&utm_campaign=wc26_public_api&utm_content=calendar_ics,https://ay-worldcup2026.zeabur.app/api/public/v1/matches/37/share?timezone=UTC&utm_source=public_api&utm_medium=developer_referral&utm_campaign=wc26_public_api&utm_content=api_share_pack
38,group,Group H,H,Atlanta Stadium,2026-06-21T16:00:00.000Z,2026-06-22,00:00,ESP,Spain,🇪🇸,KSA,Saudi Arabia,🇸🇦,https://ay-worldcup2026.zeabur.app/match/38,https://ay-worldcup2026.zeabur.app/live/spain-saudi-arabia,https://ay-worldcup2026.zeabur.app/live-score/spain-saudi-arabia,https://ay-worldcup2026.zeabur.app/match/38/card.svg?utm_source=public_api&utm_medium=developer_referral&utm_campaign=wc26_public_api&utm_content=share_card_svg,https://ay-worldcup2026.zeabur.app/match/38/story.svg?utm_source=public_api&utm_medium=developer_referral&utm_campaign=wc26_public_api&utm_content=story_card_svg,https://ay-worldcup2026.zeabur.app/match/38.ics?utm_source=public_api&utm_medium=developer_referral&utm_campaign=wc26_public_api&utm_content=calendar_ics,https://ay-worldcup2026.zeabur.app/api/public/v1/matches/38/share?timezone=UTC&utm_source=public_api&utm_medium=developer_referral&utm_campaign=wc26_public_api&utm_content=api_share_pack
39,group,Group G,G,Los Angeles Stadium,2026-06-21T19:00:00.000Z,2026-06-22,03:00,BEL,Belgium,🇧🇪,IRN,Iran,🇮🇷,https://ay-worldcup2026.zeabur.app/match/39,https://ay-worldcup2026.zeabur.app/live/belgium-iran,https://ay-worldcup2026.zeabur.app/live-score/belgium-iran,https://ay-worldcup2026.zeabur.app/match/39/card.svg?utm_source=public_api&utm_medium=developer_referral&utm_campaign=wc26_public_api&utm_content=share_card_svg,https://ay-worldcup2026.zeabur.app/match/39/story.svg?utm_source=public_api&utm_medium=developer_referral&utm_campaign=wc26_public_api&utm_content=story_card_svg,https://ay-worldcup2026.zeabur.app/match/39.ics?utm_source=public_api&utm_medium=developer_referral&utm_campaign=wc26_public_api&utm_content=calendar_ics,https://ay-worldcup2026.zeabur.app/api/public/v1/matches/39/share?timezone=UTC&utm_source=public_api&utm_medium=developer_referral&utm_campaign=wc26_public_api&utm_content=api_share_pack
40,group,Group G,G,BC Place Vancouver,2026-06-22T01:00:00.000Z,2026-06-22,09:00,NZL,New Zealand,🇳🇿,EGY,Egypt,🇪🇬,https://ay-worldcup2026.zeabur.app/match/40,https://ay-worldcup2026.zeabur.app/live/new-zealand-egypt,https://ay-worldcup2026.zeabur.app/live-score/new-zealand-egypt,https://ay-worldcup2026.zeabur.app/match/40/card.svg?utm_source=public_api&utm_medium=developer_referral&utm_campaign=wc26_public_api&utm_content=share_card_svg,https://ay-worldcup2026.zeabur.app/match/40/story.svg?utm_source=public_api&utm_medium=developer_referral&utm_campaign=wc26_public_api&utm_content=story_card_svg,https://ay-worldcup2026.zeabur.app/match/40.ics?utm_source=public_api&utm_medium=developer_referral&utm_campaign=wc26_public_api&utm_content=calendar_ics,https://ay-worldcup2026.zeabur.app/api/public/v1/matches/40/share?timezone=UTC&utm_source=public_api&utm_medium=developer_referral&utm_campaign=wc26_public_api&utm_content=api_share_pack
41,group,Group I,I,New York/New Jersey Stadium,2026-06-23T00:00:00.000Z,2026-06-23,08:00,NOR,Norway,🇳🇴,SEN,Senegal,🇸🇳,https://ay-worldcup2026.zeabur.app/match/41,https://ay-worldcup2026.zeabur.app/live/norway-senegal,https://ay-worldcup2026.zeabur.app/live-score/norway-senegal,https://ay-worldcup2026.zeabur.app/match/41/card.svg?utm_source=public_api&utm_medium=developer_referral&utm_campaign=wc26_public_api&utm_content=share_card_svg,https://ay-worldcup2026.zeabur.app/match/41/story.svg?utm_source=public_api&utm_medium=developer_referral&utm_campaign=wc26_public_api&utm_content=story_card_svg,https://ay-worldcup2026.zeabur.app/match/41.ics?utm_source=public_api&utm_medium=developer_referral&utm_campaign=wc26_public_api&utm_content=calendar_ics,https://ay-worldcup2026.zeabur.app/api/public/v1/matches/41/share?timezone=UTC&utm_source=public_api&utm_medium=developer_referral&utm_campaign=wc26_public_api&utm_content=api_share_pack
42,group,Group I,I,Philadelphia Stadium,2026-06-22T21:00:00.000Z,2026-06-23,05:00,FRA,France,🇫🇷,IRQ,Iraq,🇮🇶,https://ay-worldcup2026.zeabur.app/match/42,https://ay-worldcup2026.zeabur.app/live/france-iraq,https://ay-worldcup2026.zeabur.app/live-score/france-iraq,https://ay-worldcup2026.zeabur.app/match/42/card.svg?utm_source=public_api&utm_medium=developer_referral&utm_campaign=wc26_public_api&utm_content=share_card_svg,https://ay-worldcup2026.zeabur.app/match/42/story.svg?utm_source=public_api&utm_medium=developer_referral&utm_campaign=wc26_public_api&utm_content=story_card_svg,https://ay-worldcup2026.zeabur.app/match/42.ics?utm_source=public_api&utm_medium=developer_referral&utm_campaign=wc26_public_api&utm_content=calendar_ics,https://ay-worldcup2026.zeabur.app/api/public/v1/matches/42/share?timezone=UTC&utm_source=public_api&utm_medium=developer_referral&utm_campaign=wc26_public_api&utm_content=api_share_pack
43,group,Group J,J,Dallas Stadium,2026-06-22T17:00:00.000Z,2026-06-23,01:00,ARG,Argentina,🇦🇷,AUT,Austria,🇦🇹,https://ay-worldcup2026.zeabur.app/match/43,https://ay-worldcup2026.zeabur.app/live/argentina-austria,https://ay-worldcup2026.zeabur.app/live-score/argentina-austria,https://ay-worldcup2026.zeabur.app/match/43/card.svg?utm_source=public_api&utm_medium=developer_referral&utm_campaign=wc26_public_api&utm_content=share_card_svg,https://ay-worldcup2026.zeabur.app/match/43/story.svg?utm_source=public_api&utm_medium=developer_referral&utm_campaign=wc26_public_api&utm_content=story_card_svg,https://ay-worldcup2026.zeabur.app/match/43.ics?utm_source=public_api&utm_medium=developer_referral&utm_campaign=wc26_public_api&utm_content=calendar_ics,https://ay-worldcup2026.zeabur.app/api/public/v1/matches/43/share?timezone=UTC&utm_source=public_api&utm_medium=developer_referral&utm_campaign=wc26_public_api&utm_content=api_share_pack
44,group,Group J,J,San Francisco Bay Area Stadium,2026-06-23T03:00:00.000Z,2026-06-23,11:00,JOR,Jordan,🇯🇴,ALG,Algeria,🇩🇿,https://ay-worldcup2026.zeabur.app/match/44,https://ay-worldcup2026.zeabur.app/live/jordan-algeria,https://ay-worldcup2026.zeabur.app/live-score/jordan-algeria,https://ay-worldcup2026.zeabur.app/match/44/card.svg?utm_source=public_api&utm_medium=developer_referral&utm_campaign=wc26_public_api&utm_content=share_card_svg,https://ay-worldcup2026.zeabur.app/match/44/story.svg?utm_source=public_api&utm_medium=developer_referral&utm_campaign=wc26_public_api&utm_content=story_card_svg,https://ay-worldcup2026.zeabur.app/match/44.ics?utm_source=public_api&utm_medium=developer_referral&utm_campaign=wc26_public_api&utm_content=calendar_ics,https://ay-worldcup2026.zeabur.app/api/public/v1/matches/44/share?timezone=UTC&utm_source=public_api&utm_medium=developer_referral&utm_campaign=wc26_public_api&utm_content=api_share_pack
45,group,Group L,L,Boston Stadium,2026-06-23T20:00:00.000Z,2026-06-24,04:00,ENG,England,🏴󠁧󠁢󠁥󠁮󠁧󠁿,GHA,Ghana,🇬🇭,https://ay-worldcup2026.zeabur.app/match/45,https://ay-worldcup2026.zeabur.app/live/england-ghana,https://ay-worldcup2026.zeabur.app/live-score/england-ghana,https://ay-worldcup2026.zeabur.app/match/45/card.svg?utm_source=public_api&utm_medium=developer_referral&utm_campaign=wc26_public_api&utm_content=share_card_svg,https://ay-worldcup2026.zeabur.app/match/45/story.svg?utm_source=public_api&utm_medium=developer_referral&utm_campaign=wc26_public_api&utm_content=story_card_svg,https://ay-worldcup2026.zeabur.app/match/45.ics?utm_source=public_api&utm_medium=developer_referral&utm_campaign=wc26_public_api&utm_content=calendar_ics,https://ay-worldcup2026.zeabur.app/api/public/v1/matches/45/share?timezone=UTC&utm_source=public_api&utm_medium=developer_referral&utm_campaign=wc26_public_api&utm_content=api_share_pack
46,group,Group L,L,Toronto Stadium,2026-06-23T23:00:00.000Z,2026-06-24,07:00,PAN,Panama,🇵🇦,CRO,Croatia,🇭🇷,https://ay-worldcup2026.zeabur.app/match/46,https://ay-worldcup2026.zeabur.app/live/panama-croatia,https://ay-worldcup2026.zeabur.app/live-score/panama-croatia,https://ay-worldcup2026.zeabur.app/match/46/card.svg?utm_source=public_api&utm_medium=developer_referral&utm_campaign=wc26_public_api&utm_content=share_card_svg,https://ay-worldcup2026.zeabur.app/match/46/story.svg?utm_source=public_api&utm_medium=developer_referral&utm_campaign=wc26_public_api&utm_content=story_card_svg,https://ay-worldcup2026.zeabur.app/match/46.ics?utm_source=public_api&utm_medium=developer_referral&utm_campaign=wc26_public_api&utm_content=calendar_ics,https://ay-worldcup2026.zeabur.app/api/public/v1/matches/46/share?timezone=UTC&utm_source=public_api&utm_medium=developer_referral&utm_campaign=wc26_public_api&utm_content=api_share_pack
47,group,Group K,K,Houston Stadium,2026-06-23T17:00:00.000Z,2026-06-24,01:00,POR,Portugal,🇵🇹,UZB,Uzbekistan,🇺🇿,https://ay-worldcup2026.zeabur.app/match/47,https://ay-worldcup2026.zeabur.app/live/portugal-uzbekistan,https://ay-worldcup2026.zeabur.app/live-score/portugal-uzbekistan,https://ay-worldcup2026.zeabur.app/match/47/card.svg?utm_source=public_api&utm_medium=developer_referral&utm_campaign=wc26_public_api&utm_content=share_card_svg,https://ay-worldcup2026.zeabur.app/match/47/story.svg?utm_source=public_api&utm_medium=developer_referral&utm_campaign=wc26_public_api&utm_content=story_card_svg,https://ay-worldcup2026.zeabur.app/match/47.ics?utm_source=public_api&utm_medium=developer_referral&utm_campaign=wc26_public_api&utm_content=calendar_ics,https://ay-worldcup2026.zeabur.app/api/public/v1/matches/47/share?timezone=UTC&utm_source=public_api&utm_medium=developer_referral&utm_campaign=wc26_public_api&utm_content=api_share_pack
48,group,Group K,K,Guadalajara Stadium,2026-06-24T02:00:00.000Z,2026-06-24,10:00,COL,Colombia,🇨🇴,COD,Congo - Kinshasa,🇨🇩,https://ay-worldcup2026.zeabur.app/match/48,https://ay-worldcup2026.zeabur.app/live/colombia-congo-kinshasa,https://ay-worldcup2026.zeabur.app/live-score/colombia-congo-kinshasa,https://ay-worldcup2026.zeabur.app/match/48/card.svg?utm_source=public_api&utm_medium=developer_referral&utm_campaign=wc26_public_api&utm_content=share_card_svg,https://ay-worldcup2026.zeabur.app/match/48/story.svg?utm_source=public_api&utm_medium=developer_referral&utm_campaign=wc26_public_api&utm_content=story_card_svg,https://ay-worldcup2026.zeabur.app/match/48.ics?utm_source=public_api&utm_medium=developer_referral&utm_campaign=wc26_public_api&utm_content=calendar_ics,https://ay-worldcup2026.zeabur.app/api/public/v1/matches/48/share?timezone=UTC&utm_source=public_api&utm_medium=developer_referral&utm_campaign=wc26_public_api&utm_content=api_share_pack
49,group,Group C,C,Miami Stadium,2026-06-24T22:00:00.000Z,2026-06-25,06:00,SCO,Scotland,🏴󠁧󠁢󠁳󠁣󠁴󠁿,BRA,Brazil,🇧🇷,https://ay-worldcup2026.zeabur.app/match/49,https://ay-worldcup2026.zeabur.app/live/scotland-brazil,https://ay-worldcup2026.zeabur.app/live-score/scotland-brazil,https://ay-worldcup2026.zeabur.app/match/49/card.svg?utm_source=public_api&utm_medium=developer_referral&utm_campaign=wc26_public_api&utm_content=share_card_svg,https://ay-worldcup2026.zeabur.app/match/49/story.svg?utm_source=public_api&utm_medium=developer_referral&utm_campaign=wc26_public_api&utm_content=story_card_svg,https://ay-worldcup2026.zeabur.app/match/49.ics?utm_source=public_api&utm_medium=developer_referral&utm_campaign=wc26_public_api&utm_content=calendar_ics,https://ay-worldcup2026.zeabur.app/api/public/v1/matches/49/share?timezone=UTC&utm_source=public_api&utm_medium=developer_referral&utm_campaign=wc26_public_api&utm_content=api_share_pack
50,group,Group C,C,Atlanta Stadium,2026-06-24T22:00:00.000Z,2026-06-25,06:00,MAR,Morocco,🇲🇦,HAI,Haiti,🇭🇹,https://ay-worldcup2026.zeabur.app/match/50,https://ay-worldcup2026.zeabur.app/live/morocco-haiti,https://ay-worldcup2026.zeabur.app/live-score/morocco-haiti,https://ay-worldcup2026.zeabur.app/match/50/card.svg?utm_source=public_api&utm_medium=developer_referral&utm_campaign=wc26_public_api&utm_content=share_card_svg,https://ay-worldcup2026.zeabur.app/match/50/story.svg?utm_source=public_api&utm_medium=developer_referral&utm_campaign=wc26_public_api&utm_content=story_card_svg,https://ay-worldcup2026.zeabur.app/match/50.ics?utm_source=public_api&utm_medium=developer_referral&utm_campaign=wc26_public_api&utm_content=calendar_ics,https://ay-worldcup2026.zeabur.app/api/public/v1/matches/50/share?timezone=UTC&utm_source=public_api&utm_medium=developer_referral&utm_campaign=wc26_public_api&utm_content=api_share_pack
51,group,Group B,B,BC Place Vancouver,2026-06-24T19:00:00.000Z,2026-06-25,03:00,SUI,Switzerland,🇨🇭,CAN,Canada,🇨🇦,https://ay-worldcup2026.zeabur.app/match/51,https://ay-worldcup2026.zeabur.app/live/switzerland-canada,https://ay-worldcup2026.zeabur.app/live-score/switzerland-canada,https://ay-worldcup2026.zeabur.app/match/51/card.svg?utm_source=public_api&utm_medium=developer_referral&utm_campaign=wc26_public_api&utm_content=share_card_svg,https://ay-worldcup2026.zeabur.app/match/51/story.svg?utm_source=public_api&utm_medium=developer_referral&utm_campaign=wc26_public_api&utm_content=story_card_svg,https://ay-worldcup2026.zeabur.app/match/51.ics?utm_source=public_api&utm_medium=developer_referral&utm_campaign=wc26_public_api&utm_content=calendar_ics,https://ay-worldcup2026.zeabur.app/api/public/v1/matches/51/share?timezone=UTC&utm_source=public_api&utm_medium=developer_referral&utm_campaign=wc26_public_api&utm_content=api_share_pack
52,group,Group B,B,Seattle Stadium,2026-06-24T19:00:00.000Z,2026-06-25,03:00,BIH,Bosnia & Herzegovina,🇧🇦,QAT,Qatar,🇶🇦,https://ay-worldcup2026.zeabur.app/match/52,https://ay-worldcup2026.zeabur.app/live/bosnia-and-herzegovina-qatar,https://ay-worldcup2026.zeabur.app/live-score/bosnia-and-herzegovina-qatar,https://ay-worldcup2026.zeabur.app/match/52/card.svg?utm_source=public_api&utm_medium=developer_referral&utm_campaign=wc26_public_api&utm_content=share_card_svg,https://ay-worldcup2026.zeabur.app/match/52/story.svg?utm_source=public_api&utm_medium=developer_referral&utm_campaign=wc26_public_api&utm_content=story_card_svg,https://ay-worldcup2026.zeabur.app/match/52.ics?utm_source=public_api&utm_medium=developer_referral&utm_campaign=wc26_public_api&utm_content=calendar_ics,https://ay-worldcup2026.zeabur.app/api/public/v1/matches/52/share?timezone=UTC&utm_source=public_api&utm_medium=developer_referral&utm_campaign=wc26_public_api&utm_content=api_share_pack
53,group,Group A,A,Mexico City Stadium,2026-06-25T01:00:00.000Z,2026-06-25,09:00,CZE,Czechia,🇨🇿,MEX,Mexico,🇲🇽,https://ay-worldcup2026.zeabur.app/match/53,https://ay-worldcup2026.zeabur.app/live/czechia-mexico,https://ay-worldcup2026.zeabur.app/live-score/czechia-mexico,https://ay-worldcup2026.zeabur.app/match/53/card.svg?utm_source=public_api&utm_medium=developer_referral&utm_campaign=wc26_public_api&utm_content=share_card_svg,https://ay-worldcup2026.zeabur.app/match/53/story.svg?utm_source=public_api&utm_medium=developer_referral&utm_campaign=wc26_public_api&utm_content=story_card_svg,https://ay-worldcup2026.zeabur.app/match/53.ics?utm_source=public_api&utm_medium=developer_referral&utm_campaign=wc26_public_api&utm_content=calendar_ics,https://ay-worldcup2026.zeabur.app/api/public/v1/matches/53/share?timezone=UTC&utm_source=public_api&utm_medium=developer_referral&utm_campaign=wc26_public_api&utm_content=api_share_pack
54,group,Group A,A,Monterrey Stadium,2026-06-25T01:00:00.000Z,2026-06-25,09:00,RSA,South Africa,🇿🇦,KOR,South Korea,🇰🇷,https://ay-worldcup2026.zeabur.app/match/54,https://ay-worldcup2026.zeabur.app/live/south-africa-south-korea,https://ay-worldcup2026.zeabur.app/live-score/south-africa-south-korea,https://ay-worldcup2026.zeabur.app/match/54/card.svg?utm_source=public_api&utm_medium=developer_referral&utm_campaign=wc26_public_api&utm_content=share_card_svg,https://ay-worldcup2026.zeabur.app/match/54/story.svg?utm_source=public_api&utm_medium=developer_referral&utm_campaign=wc26_public_api&utm_content=story_card_svg,https://ay-worldcup2026.zeabur.app/match/54.ics?utm_source=public_api&utm_medium=developer_referral&utm_campaign=wc26_public_api&utm_content=calendar_ics,https://ay-worldcup2026.zeabur.app/api/public/v1/matches/54/share?timezone=UTC&utm_source=public_api&utm_medium=developer_referral&utm_campaign=wc26_public_api&utm_content=api_share_pack
55,group,Group E,E,Philadelphia Stadium,2026-06-25T20:00:00.000Z,2026-06-26,04:00,CUW,Curaçao,🇨🇼,CIV,Côte d’Ivoire,🇨🇮,https://ay-worldcup2026.zeabur.app/match/55,https://ay-worldcup2026.zeabur.app/live/curacao-cote-d-ivoire,https://ay-worldcup2026.zeabur.app/live-score/curacao-cote-d-ivoire,https://ay-worldcup2026.zeabur.app/match/55/card.svg?utm_source=public_api&utm_medium=developer_referral&utm_campaign=wc26_public_api&utm_content=share_card_svg,https://ay-worldcup2026.zeabur.app/match/55/story.svg?utm_source=public_api&utm_medium=developer_referral&utm_campaign=wc26_public_api&utm_content=story_card_svg,https://ay-worldcup2026.zeabur.app/match/55.ics?utm_source=public_api&utm_medium=developer_referral&utm_campaign=wc26_public_api&utm_content=calendar_ics,https://ay-worldcup2026.zeabur.app/api/public/v1/matches/55/share?timezone=UTC&utm_source=public_api&utm_medium=developer_referral&utm_campaign=wc26_public_api&utm_content=api_share_pack
56,group,Group E,E,New York/New Jersey Stadium,2026-06-25T20:00:00.000Z,2026-06-26,04:00,ECU,Ecuador,🇪🇨,GER,Germany,🇩🇪,https://ay-worldcup2026.zeabur.app/match/56,https://ay-worldcup2026.zeabur.app/live/ecuador-germany,https://ay-worldcup2026.zeabur.app/live-score/ecuador-germany,https://ay-worldcup2026.zeabur.app/match/56/card.svg?utm_source=public_api&utm_medium=developer_referral&utm_campaign=wc26_public_api&utm_content=share_card_svg,https://ay-worldcup2026.zeabur.app/match/56/story.svg?utm_source=public_api&utm_medium=developer_referral&utm_campaign=wc26_public_api&utm_content=story_card_svg,https://ay-worldcup2026.zeabur.app/match/56.ics?utm_source=public_api&utm_medium=developer_referral&utm_campaign=wc26_public_api&utm_content=calendar_ics,https://ay-worldcup2026.zeabur.app/api/public/v1/matches/56/share?timezone=UTC&utm_source=public_api&utm_medium=developer_referral&utm_campaign=wc26_public_api&utm_content=api_share_pack
57,group,Group F,F,Dallas Stadium,2026-06-25T23:00:00.000Z,2026-06-26,07:00,JPN,Japan,🇯🇵,SWE,Sweden,🇸🇪,https://ay-worldcup2026.zeabur.app/match/57,https://ay-worldcup2026.zeabur.app/live/japan-sweden,https://ay-worldcup2026.zeabur.app/live-score/japan-sweden,https://ay-worldcup2026.zeabur.app/match/57/card.svg?utm_source=public_api&utm_medium=developer_referral&utm_campaign=wc26_public_api&utm_content=share_card_svg,https://ay-worldcup2026.zeabur.app/match/57/story.svg?utm_source=public_api&utm_medium=developer_referral&utm_campaign=wc26_public_api&utm_content=story_card_svg,https://ay-worldcup2026.zeabur.app/match/57.ics?utm_source=public_api&utm_medium=developer_referral&utm_campaign=wc26_public_api&utm_content=calendar_ics,https://ay-worldcup2026.zeabur.app/api/public/v1/matches/57/share?timezone=UTC&utm_source=public_api&utm_medium=developer_referral&utm_campaign=wc26_public_api&utm_content=api_share_pack
58,group,Group F,F,Kansas City Stadium,2026-06-25T23:00:00.000Z,2026-06-26,07:00,TUN,Tunisia,🇹🇳,NED,Netherlands,🇳🇱,https://ay-worldcup2026.zeabur.app/match/58,https://ay-worldcup2026.zeabur.app/live/tunisia-netherlands,https://ay-worldcup2026.zeabur.app/live-score/tunisia-netherlands,https://ay-worldcup2026.zeabur.app/match/58/card.svg?utm_source=public_api&utm_medium=developer_referral&utm_campaign=wc26_public_api&utm_content=share_card_svg,https://ay-worldcup2026.zeabur.app/match/58/story.svg?utm_source=public_api&utm_medium=developer_referral&utm_campaign=wc26_public_api&utm_content=story_card_svg,https://ay-worldcup2026.zeabur.app/match/58.ics?utm_source=public_api&utm_medium=developer_referral&utm_campaign=wc26_public_api&utm_content=calendar_ics,https://ay-worldcup2026.zeabur.app/api/public/v1/matches/58/share?timezone=UTC&utm_source=public_api&utm_medium=developer_referral&utm_campaign=wc26_public_api&utm_content=api_share_pack
59,group,Group D,D,Los Angeles Stadium,2026-06-26T02:00:00.000Z,2026-06-26,10:00,TUR,Türkiye,🇹🇷,USA,United States,🇺🇸,https://ay-worldcup2026.zeabur.app/match/59,https://ay-worldcup2026.zeabur.app/live/turkiye-usa,https://ay-worldcup2026.zeabur.app/live-score/turkiye-usa,https://ay-worldcup2026.zeabur.app/match/59/card.svg?utm_source=public_api&utm_medium=developer_referral&utm_campaign=wc26_public_api&utm_content=share_card_svg,https://ay-worldcup2026.zeabur.app/match/59/story.svg?utm_source=public_api&utm_medium=developer_referral&utm_campaign=wc26_public_api&utm_content=story_card_svg,https://ay-worldcup2026.zeabur.app/match/59.ics?utm_source=public_api&utm_medium=developer_referral&utm_campaign=wc26_public_api&utm_content=calendar_ics,https://ay-worldcup2026.zeabur.app/api/public/v1/matches/59/share?timezone=UTC&utm_source=public_api&utm_medium=developer_referral&utm_campaign=wc26_public_api&utm_content=api_share_pack
60,group,Group D,D,San Francisco Bay Area Stadium,2026-06-26T02:00:00.000Z,2026-06-26,10:00,PAR,Paraguay,🇵🇾,AUS,Australia,🇦🇺,https://ay-worldcup2026.zeabur.app/match/60,https://ay-worldcup2026.zeabur.app/live/paraguay-australia,https://ay-worldcup2026.zeabur.app/live-score/paraguay-australia,https://ay-worldcup2026.zeabur.app/match/60/card.svg?utm_source=public_api&utm_medium=developer_referral&utm_campaign=wc26_public_api&utm_content=share_card_svg,https://ay-worldcup2026.zeabur.app/match/60/story.svg?utm_source=public_api&utm_medium=developer_referral&utm_campaign=wc26_public_api&utm_content=story_card_svg,https://ay-worldcup2026.zeabur.app/match/60.ics?utm_source=public_api&utm_medium=developer_referral&utm_campaign=wc26_public_api&utm_content=calendar_ics,https://ay-worldcup2026.zeabur.app/api/public/v1/matches/60/share?timezone=UTC&utm_source=public_api&utm_medium=developer_referral&utm_campaign=wc26_public_api&utm_content=api_share_pack
61,group,Group I,I,Boston Stadium,2026-06-26T19:00:00.000Z,2026-06-27,03:00,NOR,Norway,🇳🇴,FRA,France,🇫🇷,https://ay-worldcup2026.zeabur.app/match/61,https://ay-worldcup2026.zeabur.app/live/norway-france,https://ay-worldcup2026.zeabur.app/live-score/norway-france,https://ay-worldcup2026.zeabur.app/match/61/card.svg?utm_source=public_api&utm_medium=developer_referral&utm_campaign=wc26_public_api&utm_content=share_card_svg,https://ay-worldcup2026.zeabur.app/match/61/story.svg?utm_source=public_api&utm_medium=developer_referral&utm_campaign=wc26_public_api&utm_content=story_card_svg,https://ay-worldcup2026.zeabur.app/match/61.ics?utm_source=public_api&utm_medium=developer_referral&utm_campaign=wc26_public_api&utm_content=calendar_ics,https://ay-worldcup2026.zeabur.app/api/public/v1/matches/61/share?timezone=UTC&utm_source=public_api&utm_medium=developer_referral&utm_campaign=wc26_public_api&utm_content=api_share_pack
62,group,Group I,I,Toronto Stadium,2026-06-26T19:00:00.000Z,2026-06-27,03:00,SEN,Senegal,🇸🇳,IRQ,Iraq,🇮🇶,https://ay-worldcup2026.zeabur.app/match/62,https://ay-worldcup2026.zeabur.app/live/senegal-iraq,https://ay-worldcup2026.zeabur.app/live-score/senegal-iraq,https://ay-worldcup2026.zeabur.app/match/62/card.svg?utm_source=public_api&utm_medium=developer_referral&utm_campaign=wc26_public_api&utm_content=share_card_svg,https://ay-worldcup2026.zeabur.app/match/62/story.svg?utm_source=public_api&utm_medium=developer_referral&utm_campaign=wc26_public_api&utm_content=story_card_svg,https://ay-worldcup2026.zeabur.app/match/62.ics?utm_source=public_api&utm_medium=developer_referral&utm_campaign=wc26_public_api&utm_content=calendar_ics,https://ay-worldcup2026.zeabur.app/api/public/v1/matches/62/share?timezone=UTC&utm_source=public_api&utm_medium=developer_referral&utm_campaign=wc26_public_api&utm_content=api_share_pack
63,group,Group G,G,Seattle Stadium,2026-06-27T03:00:00.000Z,2026-06-27,11:00,EGY,Egypt,🇪🇬,IRN,Iran,🇮🇷,https://ay-worldcup2026.zeabur.app/match/63,https://ay-worldcup2026.zeabur.app/live/egypt-iran,https://ay-worldcup2026.zeabur.app/live-score/egypt-iran,https://ay-worldcup2026.zeabur.app/match/63/card.svg?utm_source=public_api&utm_medium=developer_referral&utm_campaign=wc26_public_api&utm_content=share_card_svg,https://ay-worldcup2026.zeabur.app/match/63/story.svg?utm_source=public_api&utm_medium=developer_referral&utm_campaign=wc26_public_api&utm_content=story_card_svg,https://ay-worldcup2026.zeabur.app/match/63.ics?utm_source=public_api&utm_medium=developer_referral&utm_campaign=wc26_public_api&utm_content=calendar_ics,https://ay-worldcup2026.zeabur.app/api/public/v1/matches/63/share?timezone=UTC&utm_source=public_api&utm_medium=developer_referral&utm_campaign=wc26_public_api&utm_content=api_share_pack
64,group,Group G,G,BC Place Vancouver,2026-06-27T03:00:00.000Z,2026-06-27,11:00,NZL,New Zealand,🇳🇿,BEL,Belgium,🇧🇪,https://ay-worldcup2026.zeabur.app/match/64,https://ay-worldcup2026.zeabur.app/live/new-zealand-belgium,https://ay-worldcup2026.zeabur.app/live-score/new-zealand-belgium,https://ay-worldcup2026.zeabur.app/match/64/card.svg?utm_source=public_api&utm_medium=developer_referral&utm_campaign=wc26_public_api&utm_content=share_card_svg,https://ay-worldcup2026.zeabur.app/match/64/story.svg?utm_source=public_api&utm_medium=developer_referral&utm_campaign=wc26_public_api&utm_content=story_card_svg,https://ay-worldcup2026.zeabur.app/match/64.ics?utm_source=public_api&utm_medium=developer_referral&utm_campaign=wc26_public_api&utm_content=calendar_ics,https://ay-worldcup2026.zeabur.app/api/public/v1/matches/64/share?timezone=UTC&utm_source=public_api&utm_medium=developer_referral&utm_campaign=wc26_public_api&utm_content=api_share_pack
65,group,Group H,H,Houston Stadium,2026-06-27T00:00:00.000Z,2026-06-27,08:00,CPV,Cape Verde,🇨🇻,KSA,Saudi Arabia,🇸🇦,https://ay-worldcup2026.zeabur.app/match/65,https://ay-worldcup2026.zeabur.app/live/cape-verde-saudi-arabia,https://ay-worldcup2026.zeabur.app/live-score/cape-verde-saudi-arabia,https://ay-worldcup2026.zeabur.app/match/65/card.svg?utm_source=public_api&utm_medium=developer_referral&utm_campaign=wc26_public_api&utm_content=share_card_svg,https://ay-worldcup2026.zeabur.app/match/65/story.svg?utm_source=public_api&utm_medium=developer_referral&utm_campaign=wc26_public_api&utm_content=story_card_svg,https://ay-worldcup2026.zeabur.app/match/65.ics?utm_source=public_api&utm_medium=developer_referral&utm_campaign=wc26_public_api&utm_content=calendar_ics,https://ay-worldcup2026.zeabur.app/api/public/v1/matches/65/share?timezone=UTC&utm_source=public_api&utm_medium=developer_referral&utm_campaign=wc26_public_api&utm_content=api_share_pack
66,group,Group H,H,Guadalajara Stadium,2026-06-27T00:00:00.000Z,2026-06-27,08:00,URU,Uruguay,🇺🇾,ESP,Spain,🇪🇸,https://ay-worldcup2026.zeabur.app/match/66,https://ay-worldcup2026.zeabur.app/live/uruguay-spain,https://ay-worldcup2026.zeabur.app/live-score/uruguay-spain,https://ay-worldcup2026.zeabur.app/match/66/card.svg?utm_source=public_api&utm_medium=developer_referral&utm_campaign=wc26_public_api&utm_content=share_card_svg,https://ay-worldcup2026.zeabur.app/match/66/story.svg?utm_source=public_api&utm_medium=developer_referral&utm_campaign=wc26_public_api&utm_content=story_card_svg,https://ay-worldcup2026.zeabur.app/match/66.ics?utm_source=public_api&utm_medium=developer_referral&utm_campaign=wc26_public_api&utm_content=calendar_ics,https://ay-worldcup2026.zeabur.app/api/public/v1/matches/66/share?timezone=UTC&utm_source=public_api&utm_medium=developer_referral&utm_campaign=wc26_public_api&utm_content=api_share_pack
67,group,Group L,L,New York/New Jersey Stadium,2026-06-27T21:00:00.000Z,2026-06-28,05:00,PAN,Panama,🇵🇦,ENG,England,🏴󠁧󠁢󠁥󠁮󠁧󠁿,https://ay-worldcup2026.zeabur.app/match/67,https://ay-worldcup2026.zeabur.app/live/panama-england,https://ay-worldcup2026.zeabur.app/live-score/panama-england,https://ay-worldcup2026.zeabur.app/match/67/card.svg?utm_source=public_api&utm_medium=developer_referral&utm_campaign=wc26_public_api&utm_content=share_card_svg,https://ay-worldcup2026.zeabur.app/match/67/story.svg?utm_source=public_api&utm_medium=developer_referral&utm_campaign=wc26_public_api&utm_content=story_card_svg,https://ay-worldcup2026.zeabur.app/match/67.ics?utm_source=public_api&utm_medium=developer_referral&utm_campaign=wc26_public_api&utm_content=calendar_ics,https://ay-worldcup2026.zeabur.app/api/public/v1/matches/67/share?timezone=UTC&utm_source=public_api&utm_medium=developer_referral&utm_campaign=wc26_public_api&utm_content=api_share_pack
68,group,Group L,L,Philadelphia Stadium,2026-06-27T21:00:00.000Z,2026-06-28,05:00,CRO,Croatia,🇭🇷,GHA,Ghana,🇬🇭,https://ay-worldcup2026.zeabur.app/match/68,https://ay-worldcup2026.zeabur.app/live/croatia-ghana,https://ay-worldcup2026.zeabur.app/live-score/croatia-ghana,https://ay-worldcup2026.zeabur.app/match/68/card.svg?utm_source=public_api&utm_medium=developer_referral&utm_campaign=wc26_public_api&utm_content=share_card_svg,https://ay-worldcup2026.zeabur.app/match/68/story.svg?utm_source=public_api&utm_medium=developer_referral&utm_campaign=wc26_public_api&utm_content=story_card_svg,https://ay-worldcup2026.zeabur.app/match/68.ics?utm_source=public_api&utm_medium=developer_referral&utm_campaign=wc26_public_api&utm_content=calendar_ics,https://ay-worldcup2026.zeabur.app/api/public/v1/matches/68/share?timezone=UTC&utm_source=public_api&utm_medium=developer_referral&utm_campaign=wc26_public_api&utm_content=api_share_pack
69,group,Group J,J,Kansas City Stadium,2026-06-28T02:00:00.000Z,2026-06-28,10:00,ALG,Algeria,🇩🇿,AUT,Austria,🇦🇹,https://ay-worldcup2026.zeabur.app/match/69,https://ay-worldcup2026.zeabur.app/live/algeria-austria,https://ay-worldcup2026.zeabur.app/live-score/algeria-austria,https://ay-worldcup2026.zeabur.app/match/69/card.svg?utm_source=public_api&utm_medium=developer_referral&utm_campaign=wc26_public_api&utm_content=share_card_svg,https://ay-worldcup2026.zeabur.app/match/69/story.svg?utm_source=public_api&utm_medium=developer_referral&utm_campaign=wc26_public_api&utm_content=story_card_svg,https://ay-worldcup2026.zeabur.app/match/69.ics?utm_source=public_api&utm_medium=developer_referral&utm_campaign=wc26_public_api&utm_content=calendar_ics,https://ay-worldcup2026.zeabur.app/api/public/v1/matches/69/share?timezone=UTC&utm_source=public_api&utm_medium=developer_referral&utm_campaign=wc26_public_api&utm_content=api_share_pack
70,group,Group J,J,Dallas Stadium,2026-06-28T02:00:00.000Z,2026-06-28,10:00,JOR,Jordan,🇯🇴,ARG,Argentina,🇦🇷,https://ay-worldcup2026.zeabur.app/match/70,https://ay-worldcup2026.zeabur.app/live/jordan-argentina,https://ay-worldcup2026.zeabur.app/live-score/jordan-argentina,https://ay-worldcup2026.zeabur.app/match/70/card.svg?utm_source=public_api&utm_medium=developer_referral&utm_campaign=wc26_public_api&utm_content=share_card_svg,https://ay-worldcup2026.zeabur.app/match/70/story.svg?utm_source=public_api&utm_medium=developer_referral&utm_campaign=wc26_public_api&utm_content=story_card_svg,https://ay-worldcup2026.zeabur.app/match/70.ics?utm_source=public_api&utm_medium=developer_referral&utm_campaign=wc26_public_api&utm_content=calendar_ics,https://ay-worldcup2026.zeabur.app/api/public/v1/matches/70/share?timezone=UTC&utm_source=public_api&utm_medium=developer_referral&utm_campaign=wc26_public_api&utm_content=api_share_pack
71,group,Group K,K,Miami Stadium,2026-06-27T23:30:00.000Z,2026-06-28,07:30,COL,Colombia,🇨🇴,POR,Portugal,🇵🇹,https://ay-worldcup2026.zeabur.app/match/71,https://ay-worldcup2026.zeabur.app/live/colombia-portugal,https://ay-worldcup2026.zeabur.app/live-score/colombia-portugal,https://ay-worldcup2026.zeabur.app/match/71/card.svg?utm_source=public_api&utm_medium=developer_referral&utm_campaign=wc26_public_api&utm_content=share_card_svg,https://ay-worldcup2026.zeabur.app/match/71/story.svg?utm_source=public_api&utm_medium=developer_referral&utm_campaign=wc26_public_api&utm_content=story_card_svg,https://ay-worldcup2026.zeabur.app/match/71.ics?utm_source=public_api&utm_medium=developer_referral&utm_campaign=wc26_public_api&utm_content=calendar_ics,https://ay-worldcup2026.zeabur.app/api/public/v1/matches/71/share?timezone=UTC&utm_source=public_api&utm_medium=developer_referral&utm_campaign=wc26_public_api&utm_content=api_share_pack
72,group,Group K,K,Atlanta Stadium,2026-06-27T23:30:00.000Z,2026-06-28,07:30,COD,Congo - Kinshasa,🇨🇩,UZB,Uzbekistan,🇺🇿,https://ay-worldcup2026.zeabur.app/match/72,https://ay-worldcup2026.zeabur.app/live/congo-kinshasa-uzbekistan,https://ay-worldcup2026.zeabur.app/live-score/congo-kinshasa-uzbekistan,https://ay-worldcup2026.zeabur.app/match/72/card.svg?utm_source=public_api&utm_medium=developer_referral&utm_campaign=wc26_public_api&utm_content=share_card_svg,https://ay-worldcup2026.zeabur.app/match/72/story.svg?utm_source=public_api&utm_medium=developer_referral&utm_campaign=wc26_public_api&utm_content=story_card_svg,https://ay-worldcup2026.zeabur.app/match/72.ics?utm_source=public_api&utm_medium=developer_referral&utm_campaign=wc26_public_api&utm_content=calendar_ics,https://ay-worldcup2026.zeabur.app/api/public/v1/matches/72/share?timezone=UTC&utm_source=public_api&utm_medium=developer_referral&utm_campaign=wc26_public_api&utm_content=api_share_pack
73,r32,Round of 32,R32,Los Angeles Stadium,2026-06-28T19:00:00.000Z,2026-06-29,03:00,TBD,TBD,🏳,TBD,TBD,🏳,https://ay-worldcup2026.zeabur.app/match/73,https://ay-worldcup2026.zeabur.app/live/match-73,https://ay-worldcup2026.zeabur.app/live-score/match-73,https://ay-worldcup2026.zeabur.app/match/73/card.svg?utm_source=public_api&utm_medium=developer_referral&utm_campaign=wc26_public_api&utm_content=share_card_svg,https://ay-worldcup2026.zeabur.app/match/73/story.svg?utm_source=public_api&utm_medium=developer_referral&utm_campaign=wc26_public_api&utm_content=story_card_svg,https://ay-worldcup2026.zeabur.app/match/73.ics?utm_source=public_api&utm_medium=developer_referral&utm_campaign=wc26_public_api&utm_content=calendar_ics,https://ay-worldcup2026.zeabur.app/api/public/v1/matches/73/share?timezone=UTC&utm_source=public_api&utm_medium=developer_referral&utm_campaign=wc26_public_api&utm_content=api_share_pack
74,r32,Round of 32,R32,Boston Stadium,2026-06-29T20:30:00.000Z,2026-06-30,04:30,TBD,TBD,🏳,TBD,TBD,🏳,https://ay-worldcup2026.zeabur.app/match/74,https://ay-worldcup2026.zeabur.app/live/match-74,https://ay-worldcup2026.zeabur.app/live-score/match-74,https://ay-worldcup2026.zeabur.app/match/74/card.svg?utm_source=public_api&utm_medium=developer_referral&utm_campaign=wc26_public_api&utm_content=share_card_svg,https://ay-worldcup2026.zeabur.app/match/74/story.svg?utm_source=public_api&utm_medium=developer_referral&utm_campaign=wc26_public_api&utm_content=story_card_svg,https://ay-worldcup2026.zeabur.app/match/74.ics?utm_source=public_api&utm_medium=developer_referral&utm_campaign=wc26_public_api&utm_content=calendar_ics,https://ay-worldcup2026.zeabur.app/api/public/v1/matches/74/share?timezone=UTC&utm_source=public_api&utm_medium=developer_referral&utm_campaign=wc26_public_api&utm_content=api_share_pack
75,r32,Round of 32,R32,Monterrey Stadium,2026-06-30T01:00:00.000Z,2026-06-30,09:00,TBD,TBD,🏳,TBD,TBD,🏳,https://ay-worldcup2026.zeabur.app/match/75,https://ay-worldcup2026.zeabur.app/live/match-75,https://ay-worldcup2026.zeabur.app/live-score/match-75,https://ay-worldcup2026.zeabur.app/match/75/card.svg?utm_source=public_api&utm_medium=developer_referral&utm_campaign=wc26_public_api&utm_content=share_card_svg,https://ay-worldcup2026.zeabur.app/match/75/story.svg?utm_source=public_api&utm_medium=developer_referral&utm_campaign=wc26_public_api&utm_content=story_card_svg,https://ay-worldcup2026.zeabur.app/match/75.ics?utm_source=public_api&utm_medium=developer_referral&utm_campaign=wc26_public_api&utm_content=calendar_ics,https://ay-worldcup2026.zeabur.app/api/public/v1/matches/75/share?timezone=UTC&utm_source=public_api&utm_medium=developer_referral&utm_campaign=wc26_public_api&utm_content=api_share_pack
76,r32,Round of 32,R32,Houston Stadium,2026-06-29T17:00:00.000Z,2026-06-30,01:00,TBD,TBD,🏳,TBD,TBD,🏳,https://ay-worldcup2026.zeabur.app/match/76,https://ay-worldcup2026.zeabur.app/live/match-76,https://ay-worldcup2026.zeabur.app/live-score/match-76,https://ay-worldcup2026.zeabur.app/match/76/card.svg?utm_source=public_api&utm_medium=developer_referral&utm_campaign=wc26_public_api&utm_content=share_card_svg,https://ay-worldcup2026.zeabur.app/match/76/story.svg?utm_source=public_api&utm_medium=developer_referral&utm_campaign=wc26_public_api&utm_content=story_card_svg,https://ay-worldcup2026.zeabur.app/match/76.ics?utm_source=public_api&utm_medium=developer_referral&utm_campaign=wc26_public_api&utm_content=calendar_ics,https://ay-worldcup2026.zeabur.app/api/public/v1/matches/76/share?timezone=UTC&utm_source=public_api&utm_medium=developer_referral&utm_campaign=wc26_public_api&utm_content=api_share_pack
77,r32,Round of 32,R32,New York/New Jersey Stadium,2026-06-30T21:00:00.000Z,2026-07-01,05:00,TBD,TBD,🏳,TBD,TBD,🏳,https://ay-worldcup2026.zeabur.app/match/77,https://ay-worldcup2026.zeabur.app/live/match-77,https://ay-worldcup2026.zeabur.app/live-score/match-77,https://ay-worldcup2026.zeabur.app/match/77/card.svg?utm_source=public_api&utm_medium=developer_referral&utm_campaign=wc26_public_api&utm_content=share_card_svg,https://ay-worldcup2026.zeabur.app/match/77/story.svg?utm_source=public_api&utm_medium=developer_referral&utm_campaign=wc26_public_api&utm_content=story_card_svg,https://ay-worldcup2026.zeabur.app/match/77.ics?utm_source=public_api&utm_medium=developer_referral&utm_campaign=wc26_public_api&utm_content=calendar_ics,https://ay-worldcup2026.zeabur.app/api/public/v1/matches/77/share?timezone=UTC&utm_source=public_api&utm_medium=developer_referral&utm_campaign=wc26_public_api&utm_content=api_share_pack
78,r32,Round of 32,R32,Dallas Stadium,2026-06-30T17:00:00.000Z,2026-07-01,01:00,TBD,TBD,🏳,TBD,TBD,🏳,https://ay-worldcup2026.zeabur.app/match/78,https://ay-worldcup2026.zeabur.app/live/match-78,https://ay-worldcup2026.zeabur.app/live-score/match-78,https://ay-worldcup2026.zeabur.app/match/78/card.svg?utm_source=public_api&utm_medium=developer_referral&utm_campaign=wc26_public_api&utm_content=share_card_svg,https://ay-worldcup2026.zeabur.app/match/78/story.svg?utm_source=public_api&utm_medium=developer_referral&utm_campaign=wc26_public_api&utm_content=story_card_svg,https://ay-worldcup2026.zeabur.app/match/78.ics?utm_source=public_api&utm_medium=developer_referral&utm_campaign=wc26_public_api&utm_content=calendar_ics,https://ay-worldcup2026.zeabur.app/api/public/v1/matches/78/share?timezone=UTC&utm_source=public_api&utm_medium=developer_referral&utm_campaign=wc26_public_api&utm_content=api_share_pack
79,r32,Round of 32,R32,Mexico City Stadium,2026-07-01T01:00:00.000Z,2026-07-01,09:00,TBD,TBD,🏳,TBD,TBD,🏳,https://ay-worldcup2026.zeabur.app/match/79,https://ay-worldcup2026.zeabur.app/live/match-79,https://ay-worldcup2026.zeabur.app/live-score/match-79,https://ay-worldcup2026.zeabur.app/match/79/card.svg?utm_source=public_api&utm_medium=developer_referral&utm_campaign=wc26_public_api&utm_content=share_card_svg,https://ay-worldcup2026.zeabur.app/match/79/story.svg?utm_source=public_api&utm_medium=developer_referral&utm_campaign=wc26_public_api&utm_content=story_card_svg,https://ay-worldcup2026.zeabur.app/match/79.ics?utm_source=public_api&utm_medium=developer_referral&utm_campaign=wc26_public_api&utm_content=calendar_ics,https://ay-worldcup2026.zeabur.app/api/public/v1/matches/79/share?timezone=UTC&utm_source=public_api&utm_medium=developer_referral&utm_campaign=wc26_public_api&utm_content=api_share_pack
80,r32,Round of 32,R32,Atlanta Stadium,2026-07-01T16:00:00.000Z,2026-07-02,00:00,TBD,TBD,🏳,TBD,TBD,🏳,https://ay-worldcup2026.zeabur.app/match/80,https://ay-worldcup2026.zeabur.app/live/match-80,https://ay-worldcup2026.zeabur.app/live-score/match-80,https://ay-worldcup2026.zeabur.app/match/80/card.svg?utm_source=public_api&utm_medium=developer_referral&utm_campaign=wc26_public_api&utm_content=share_card_svg,https://ay-worldcup2026.zeabur.app/match/80/story.svg?utm_source=public_api&utm_medium=developer_referral&utm_campaign=wc26_public_api&utm_content=story_card_svg,https://ay-worldcup2026.zeabur.app/match/80.ics?utm_source=public_api&utm_medium=developer_referral&utm_campaign=wc26_public_api&utm_content=calendar_ics,https://ay-worldcup2026.zeabur.app/api/public/v1/matches/80/share?timezone=UTC&utm_source=public_api&utm_medium=developer_referral&utm_campaign=wc26_public_api&utm_content=api_share_pack
81,r32,Round of 32,R32,San Francisco Bay Area Stadium,2026-07-02T00:00:00.000Z,2026-07-02,08:00,TBD,TBD,🏳,TBD,TBD,🏳,https://ay-worldcup2026.zeabur.app/match/81,https://ay-worldcup2026.zeabur.app/live/match-81,https://ay-worldcup2026.zeabur.app/live-score/match-81,https://ay-worldcup2026.zeabur.app/match/81/card.svg?utm_source=public_api&utm_medium=developer_referral&utm_campaign=wc26_public_api&utm_content=share_card_svg,https://ay-worldcup2026.zeabur.app/match/81/story.svg?utm_source=public_api&utm_medium=developer_referral&utm_campaign=wc26_public_api&utm_content=story_card_svg,https://ay-worldcup2026.zeabur.app/match/81.ics?utm_source=public_api&utm_medium=developer_referral&utm_campaign=wc26_public_api&utm_content=calendar_ics,https://ay-worldcup2026.zeabur.app/api/public/v1/matches/81/share?timezone=UTC&utm_source=public_api&utm_medium=developer_referral&utm_campaign=wc26_public_api&utm_content=api_share_pack
82,r32,Round of 32,R32,Seattle Stadium,2026-07-01T20:00:00.000Z,2026-07-02,04:00,TBD,TBD,🏳,TBD,TBD,🏳,https://ay-worldcup2026.zeabur.app/match/82,https://ay-worldcup2026.zeabur.app/live/match-82,https://ay-worldcup2026.zeabur.app/live-score/match-82,https://ay-worldcup2026.zeabur.app/match/82/card.svg?utm_source=public_api&utm_medium=developer_referral&utm_campaign=wc26_public_api&utm_content=share_card_svg,https://ay-worldcup2026.zeabur.app/match/82/story.svg?utm_source=public_api&utm_medium=developer_referral&utm_campaign=wc26_public_api&utm_content=story_card_svg,https://ay-worldcup2026.zeabur.app/match/82.ics?utm_source=public_api&utm_medium=developer_referral&utm_campaign=wc26_public_api&utm_content=calendar_ics,https://ay-worldcup2026.zeabur.app/api/public/v1/matches/82/share?timezone=UTC&utm_source=public_api&utm_medium=developer_referral&utm_campaign=wc26_public_api&utm_content=api_share_pack
83,r32,Round of 32,R32,Toronto Stadium,2026-07-02T23:00:00.000Z,2026-07-03,07:00,TBD,TBD,🏳,TBD,TBD,🏳,https://ay-worldcup2026.zeabur.app/match/83,https://ay-worldcup2026.zeabur.app/live/match-83,https://ay-worldcup2026.zeabur.app/live-score/match-83,https://ay-worldcup2026.zeabur.app/match/83/card.svg?utm_source=public_api&utm_medium=developer_referral&utm_campaign=wc26_public_api&utm_content=share_card_svg,https://ay-worldcup2026.zeabur.app/match/83/story.svg?utm_source=public_api&utm_medium=developer_referral&utm_campaign=wc26_public_api&utm_content=story_card_svg,https://ay-worldcup2026.zeabur.app/match/83.ics?utm_source=public_api&utm_medium=developer_referral&utm_campaign=wc26_public_api&utm_content=calendar_ics,https://ay-worldcup2026.zeabur.app/api/public/v1/matches/83/share?timezone=UTC&utm_source=public_api&utm_medium=developer_referral&utm_campaign=wc26_public_api&utm_content=api_share_pack
84,r32,Round of 32,R32,Los Angeles Stadium,2026-07-02T19:00:00.000Z,2026-07-03,03:00,TBD,TBD,🏳,TBD,TBD,🏳,https://ay-worldcup2026.zeabur.app/match/84,https://ay-worldcup2026.zeabur.app/live/match-84,https://ay-worldcup2026.zeabur.app/live-score/match-84,https://ay-worldcup2026.zeabur.app/match/84/card.svg?utm_source=public_api&utm_medium=developer_referral&utm_campaign=wc26_public_api&utm_content=share_card_svg,https://ay-worldcup2026.zeabur.app/match/84/story.svg?utm_source=public_api&utm_medium=developer_referral&utm_campaign=wc26_public_api&utm_content=story_card_svg,https://ay-worldcup2026.zeabur.app/match/84.ics?utm_source=public_api&utm_medium=developer_referral&utm_campaign=wc26_public_api&utm_content=calendar_ics,https://ay-worldcup2026.zeabur.app/api/public/v1/matches/84/share?timezone=UTC&utm_source=public_api&utm_medium=developer_referral&utm_campaign=wc26_public_api&utm_content=api_share_pack
85,r32,Round of 32,R32,BC Place Vancouver,2026-07-03T03:00:00.000Z,2026-07-03,11:00,TBD,TBD,🏳,TBD,TBD,🏳,https://ay-worldcup2026.zeabur.app/match/85,https://ay-worldcup2026.zeabur.app/live/match-85,https://ay-worldcup2026.zeabur.app/live-score/match-85,https://ay-worldcup2026.zeabur.app/match/85/card.svg?utm_source=public_api&utm_medium=developer_referral&utm_campaign=wc26_public_api&utm_content=share_card_svg,https://ay-worldcup2026.zeabur.app/match/85/story.svg?utm_source=public_api&utm_medium=developer_referral&utm_campaign=wc26_public_api&utm_content=story_card_svg,https://ay-worldcup2026.zeabur.app/match/85.ics?utm_source=public_api&utm_medium=developer_referral&utm_campaign=wc26_public_api&utm_content=calendar_ics,https://ay-worldcup2026.zeabur.app/api/public/v1/matches/85/share?timezone=UTC&utm_source=public_api&utm_medium=developer_referral&utm_campaign=wc26_public_api&utm_content=api_share_pack
86,r32,Round of 32,R32,Miami Stadium,2026-07-03T22:00:00.000Z,2026-07-04,06:00,TBD,TBD,🏳,TBD,TBD,🏳,https://ay-worldcup2026.zeabur.app/match/86,https://ay-worldcup2026.zeabur.app/live/match-86,https://ay-worldcup2026.zeabur.app/live-score/match-86,https://ay-worldcup2026.zeabur.app/match/86/card.svg?utm_source=public_api&utm_medium=developer_referral&utm_campaign=wc26_public_api&utm_content=share_card_svg,https://ay-worldcup2026.zeabur.app/match/86/story.svg?utm_source=public_api&utm_medium=developer_referral&utm_campaign=wc26_public_api&utm_content=story_card_svg,https://ay-worldcup2026.zeabur.app/match/86.ics?utm_source=public_api&utm_medium=developer_referral&utm_campaign=wc26_public_api&utm_content=calendar_ics,https://ay-worldcup2026.zeabur.app/api/public/v1/matches/86/share?timezone=UTC&utm_source=public_api&utm_medium=developer_referral&utm_campaign=wc26_public_api&utm_content=api_share_pack
87,r32,Round of 32,R32,Kansas City Stadium,2026-07-04T01:30:00.000Z,2026-07-04,09:30,TBD,TBD,🏳,TBD,TBD,🏳,https://ay-worldcup2026.zeabur.app/match/87,https://ay-worldcup2026.zeabur.app/live/match-87,https://ay-worldcup2026.zeabur.app/live-score/match-87,https://ay-worldcup2026.zeabur.app/match/87/card.svg?utm_source=public_api&utm_medium=developer_referral&utm_campaign=wc26_public_api&utm_content=share_card_svg,https://ay-worldcup2026.zeabur.app/match/87/story.svg?utm_source=public_api&utm_medium=developer_referral&utm_campaign=wc26_public_api&utm_content=story_card_svg,https://ay-worldcup2026.zeabur.app/match/87.ics?utm_source=public_api&utm_medium=developer_referral&utm_campaign=wc26_public_api&utm_content=calendar_ics,https://ay-worldcup2026.zeabur.app/api/public/v1/matches/87/share?timezone=UTC&utm_source=public_api&utm_medium=developer_referral&utm_campaign=wc26_public_api&utm_content=api_share_pack
88,r32,Round of 32,R32,Dallas Stadium,2026-07-03T18:00:00.000Z,2026-07-04,02:00,TBD,TBD,🏳,TBD,TBD,🏳,https://ay-worldcup2026.zeabur.app/match/88,https://ay-worldcup2026.zeabur.app/live/match-88,https://ay-worldcup2026.zeabur.app/live-score/match-88,https://ay-worldcup2026.zeabur.app/match/88/card.svg?utm_source=public_api&utm_medium=developer_referral&utm_campaign=wc26_public_api&utm_content=share_card_svg,https://ay-worldcup2026.zeabur.app/match/88/story.svg?utm_source=public_api&utm_medium=developer_referral&utm_campaign=wc26_public_api&utm_content=story_card_svg,https://ay-worldcup2026.zeabur.app/match/88.ics?utm_source=public_api&utm_medium=developer_referral&utm_campaign=wc26_public_api&utm_content=calendar_ics,https://ay-worldcup2026.zeabur.app/api/public/v1/matches/88/share?timezone=UTC&utm_source=public_api&utm_medium=developer_referral&utm_campaign=wc26_public_api&utm_content=api_share_pack
89,r16,Round of 16,R16,Philadelphia Stadium,2026-07-04T21:00:00.000Z,2026-07-05,05:00,TBD,TBD,🏳,TBD,TBD,🏳,https://ay-worldcup2026.zeabur.app/match/89,https://ay-worldcup2026.zeabur.app/live/match-89,https://ay-worldcup2026.zeabur.app/live-score/match-89,https://ay-worldcup2026.zeabur.app/match/89/card.svg?utm_source=public_api&utm_medium=developer_referral&utm_campaign=wc26_public_api&utm_content=share_card_svg,https://ay-worldcup2026.zeabur.app/match/89/story.svg?utm_source=public_api&utm_medium=developer_referral&utm_campaign=wc26_public_api&utm_content=story_card_svg,https://ay-worldcup2026.zeabur.app/match/89.ics?utm_source=public_api&utm_medium=developer_referral&utm_campaign=wc26_public_api&utm_content=calendar_ics,https://ay-worldcup2026.zeabur.app/api/public/v1/matches/89/share?timezone=UTC&utm_source=public_api&utm_medium=developer_referral&utm_campaign=wc26_public_api&utm_content=api_share_pack
90,r16,Round of 16,R16,Houston Stadium,2026-07-04T17:00:00.000Z,2026-07-05,01:00,TBD,TBD,🏳,TBD,TBD,🏳,https://ay-worldcup2026.zeabur.app/match/90,https://ay-worldcup2026.zeabur.app/live/match-90,https://ay-worldcup2026.zeabur.app/live-score/match-90,https://ay-worldcup2026.zeabur.app/match/90/card.svg?utm_source=public_api&utm_medium=developer_referral&utm_campaign=wc26_public_api&utm_content=share_card_svg,https://ay-worldcup2026.zeabur.app/match/90/story.svg?utm_source=public_api&utm_medium=developer_referral&utm_campaign=wc26_public_api&utm_content=story_card_svg,https://ay-worldcup2026.zeabur.app/match/90.ics?utm_source=public_api&utm_medium=developer_referral&utm_campaign=wc26_public_api&utm_content=calendar_ics,https://ay-worldcup2026.zeabur.app/api/public/v1/matches/90/share?timezone=UTC&utm_source=public_api&utm_medium=developer_referral&utm_campaign=wc26_public_api&utm_content=api_share_pack
91,r16,Round of 16,R16,New York/New Jersey Stadium,2026-07-05T20:00:00.000Z,2026-07-06,04:00,TBD,TBD,🏳,TBD,TBD,🏳,https://ay-worldcup2026.zeabur.app/match/91,https://ay-worldcup2026.zeabur.app/live/match-91,https://ay-worldcup2026.zeabur.app/live-score/match-91,https://ay-worldcup2026.zeabur.app/match/91/card.svg?utm_source=public_api&utm_medium=developer_referral&utm_campaign=wc26_public_api&utm_content=share_card_svg,https://ay-worldcup2026.zeabur.app/match/91/story.svg?utm_source=public_api&utm_medium=developer_referral&utm_campaign=wc26_public_api&utm_content=story_card_svg,https://ay-worldcup2026.zeabur.app/match/91.ics?utm_source=public_api&utm_medium=developer_referral&utm_campaign=wc26_public_api&utm_content=calendar_ics,https://ay-worldcup2026.zeabur.app/api/public/v1/matches/91/share?timezone=UTC&utm_source=public_api&utm_medium=developer_referral&utm_campaign=wc26_public_api&utm_content=api_share_pack
92,r16,Round of 16,R16,Mexico City Stadium,2026-07-06T00:00:00.000Z,2026-07-06,08:00,TBD,TBD,🏳,TBD,TBD,🏳,https://ay-worldcup2026.zeabur.app/match/92,https://ay-worldcup2026.zeabur.app/live/match-92,https://ay-worldcup2026.zeabur.app/live-score/match-92,https://ay-worldcup2026.zeabur.app/match/92/card.svg?utm_source=public_api&utm_medium=developer_referral&utm_campaign=wc26_public_api&utm_content=share_card_svg,https://ay-worldcup2026.zeabur.app/match/92/story.svg?utm_source=public_api&utm_medium=developer_referral&utm_campaign=wc26_public_api&utm_content=story_card_svg,https://ay-worldcup2026.zeabur.app/match/92.ics?utm_source=public_api&utm_medium=developer_referral&utm_campaign=wc26_public_api&utm_content=calendar_ics,https://ay-worldcup2026.zeabur.app/api/public/v1/matches/92/share?timezone=UTC&utm_source=public_api&utm_medium=developer_referral&utm_campaign=wc26_public_api&utm_content=api_share_pack
93,r16,Round of 16,R16,Dallas Stadium,2026-07-06T19:00:00.000Z,2026-07-07,03:00,TBD,TBD,🏳,TBD,TBD,🏳,https://ay-worldcup2026.zeabur.app/match/93,https://ay-worldcup2026.zeabur.app/live/match-93,https://ay-worldcup2026.zeabur.app/live-score/match-93,https://ay-worldcup2026.zeabur.app/match/93/card.svg?utm_source=public_api&utm_medium=developer_referral&utm_campaign=wc26_public_api&utm_content=share_card_svg,https://ay-worldcup2026.zeabur.app/match/93/story.svg?utm_source=public_api&utm_medium=developer_referral&utm_campaign=wc26_public_api&utm_content=story_card_svg,https://ay-worldcup2026.zeabur.app/match/93.ics?utm_source=public_api&utm_medium=developer_referral&utm_campaign=wc26_public_api&utm_content=calendar_ics,https://ay-worldcup2026.zeabur.app/api/public/v1/matches/93/share?timezone=UTC&utm_source=public_api&utm_medium=developer_referral&utm_campaign=wc26_public_api&utm_content=api_share_pack
94,r16,Round of 16,R16,Seattle Stadium,2026-07-07T00:00:00.000Z,2026-07-07,08:00,TBD,TBD,🏳,TBD,TBD,🏳,https://ay-worldcup2026.zeabur.app/match/94,https://ay-worldcup2026.zeabur.app/live/match-94,https://ay-worldcup2026.zeabur.app/live-score/match-94,https://ay-worldcup2026.zeabur.app/match/94/card.svg?utm_source=public_api&utm_medium=developer_referral&utm_campaign=wc26_public_api&utm_content=share_card_svg,https://ay-worldcup2026.zeabur.app/match/94/story.svg?utm_source=public_api&utm_medium=developer_referral&utm_campaign=wc26_public_api&utm_content=story_card_svg,https://ay-worldcup2026.zeabur.app/match/94.ics?utm_source=public_api&utm_medium=developer_referral&utm_campaign=wc26_public_api&utm_content=calendar_ics,https://ay-worldcup2026.zeabur.app/api/public/v1/matches/94/share?timezone=UTC&utm_source=public_api&utm_medium=developer_referral&utm_campaign=wc26_public_api&utm_content=api_share_pack
95,r16,Round of 16,R16,Atlanta Stadium,2026-07-07T16:00:00.000Z,2026-07-08,00:00,TBD,TBD,🏳,TBD,TBD,🏳,https://ay-worldcup2026.zeabur.app/match/95,https://ay-worldcup2026.zeabur.app/live/match-95,https://ay-worldcup2026.zeabur.app/live-score/match-95,https://ay-worldcup2026.zeabur.app/match/95/card.svg?utm_source=public_api&utm_medium=developer_referral&utm_campaign=wc26_public_api&utm_content=share_card_svg,https://ay-worldcup2026.zeabur.app/match/95/story.svg?utm_source=public_api&utm_medium=developer_referral&utm_campaign=wc26_public_api&utm_content=story_card_svg,https://ay-worldcup2026.zeabur.app/match/95.ics?utm_source=public_api&utm_medium=developer_referral&utm_campaign=wc26_public_api&utm_content=calendar_ics,https://ay-worldcup2026.zeabur.app/api/public/v1/matches/95/share?timezone=UTC&utm_source=public_api&utm_medium=developer_referral&utm_campaign=wc26_public_api&utm_content=api_share_pack
96,r16,Round of 16,R16,BC Place Vancouver,2026-07-07T20:00:00.000Z,2026-07-08,04:00,TBD,TBD,🏳,TBD,TBD,🏳,https://ay-worldcup2026.zeabur.app/match/96,https://ay-worldcup2026.zeabur.app/live/match-96,https://ay-worldcup2026.zeabur.app/live-score/match-96,https://ay-worldcup2026.zeabur.app/match/96/card.svg?utm_source=public_api&utm_medium=developer_referral&utm_campaign=wc26_public_api&utm_content=share_card_svg,https://ay-worldcup2026.zeabur.app/match/96/story.svg?utm_source=public_api&utm_medium=developer_referral&utm_campaign=wc26_public_api&utm_content=story_card_svg,https://ay-worldcup2026.zeabur.app/match/96.ics?utm_source=public_api&utm_medium=developer_referral&utm_campaign=wc26_public_api&utm_content=calendar_ics,https://ay-worldcup2026.zeabur.app/api/public/v1/matches/96/share?timezone=UTC&utm_source=public_api&utm_medium=developer_referral&utm_campaign=wc26_public_api&utm_content=api_share_pack
97,qf,Quarterfinal,QF,Boston Stadium,2026-07-09T20:00:00.000Z,2026-07-10,04:00,TBD,TBD,🏳,TBD,TBD,🏳,https://ay-worldcup2026.zeabur.app/match/97,https://ay-worldcup2026.zeabur.app/live/match-97,https://ay-worldcup2026.zeabur.app/live-score/match-97,https://ay-worldcup2026.zeabur.app/match/97/card.svg?utm_source=public_api&utm_medium=developer_referral&utm_campaign=wc26_public_api&utm_content=share_card_svg,https://ay-worldcup2026.zeabur.app/match/97/story.svg?utm_source=public_api&utm_medium=developer_referral&utm_campaign=wc26_public_api&utm_content=story_card_svg,https://ay-worldcup2026.zeabur.app/match/97.ics?utm_source=public_api&utm_medium=developer_referral&utm_campaign=wc26_public_api&utm_content=calendar_ics,https://ay-worldcup2026.zeabur.app/api/public/v1/matches/97/share?timezone=UTC&utm_source=public_api&utm_medium=developer_referral&utm_campaign=wc26_public_api&utm_content=api_share_pack
98,qf,Quarterfinal,QF,Los Angeles Stadium,2026-07-10T19:00:00.000Z,2026-07-11,03:00,TBD,TBD,🏳,TBD,TBD,🏳,https://ay-worldcup2026.zeabur.app/match/98,https://ay-worldcup2026.zeabur.app/live/match-98,https://ay-worldcup2026.zeabur.app/live-score/match-98,https://ay-worldcup2026.zeabur.app/match/98/card.svg?utm_source=public_api&utm_medium=developer_referral&utm_campaign=wc26_public_api&utm_content=share_card_svg,https://ay-worldcup2026.zeabur.app/match/98/story.svg?utm_source=public_api&utm_medium=developer_referral&utm_campaign=wc26_public_api&utm_content=story_card_svg,https://ay-worldcup2026.zeabur.app/match/98.ics?utm_source=public_api&utm_medium=developer_referral&utm_campaign=wc26_public_api&utm_content=calendar_ics,https://ay-worldcup2026.zeabur.app/api/public/v1/matches/98/share?timezone=UTC&utm_source=public_api&utm_medium=developer_referral&utm_campaign=wc26_public_api&utm_content=api_share_pack
99,qf,Quarterfinal,QF,Miami Stadium,2026-07-11T21:00:00.000Z,2026-07-12,05:00,TBD,TBD,🏳,TBD,TBD,🏳,https://ay-worldcup2026.zeabur.app/match/99,https://ay-worldcup2026.zeabur.app/live/match-99,https://ay-worldcup2026.zeabur.app/live-score/match-99,https://ay-worldcup2026.zeabur.app/match/99/card.svg?utm_source=public_api&utm_medium=developer_referral&utm_campaign=wc26_public_api&utm_content=share_card_svg,https://ay-worldcup2026.zeabur.app/match/99/story.svg?utm_source=public_api&utm_medium=developer_referral&utm_campaign=wc26_public_api&utm_content=story_card_svg,https://ay-worldcup2026.zeabur.app/match/99.ics?utm_source=public_api&utm_medium=developer_referral&utm_campaign=wc26_public_api&utm_content=calendar_ics,https://ay-worldcup2026.zeabur.app/api/public/v1/matches/99/share?timezone=UTC&utm_source=public_api&utm_medium=developer_referral&utm_campaign=wc26_public_api&utm_content=api_share_pack
100,qf,Quarterfinal,QF,Kansas City Stadium,2026-07-12T01:00:00.000Z,2026-07-12,09:00,TBD,TBD,🏳,TBD,TBD,🏳,https://ay-worldcup2026.zeabur.app/match/100,https://ay-worldcup2026.zeabur.app/live/match-100,https://ay-worldcup2026.zeabur.app/live-score/match-100,https://ay-worldcup2026.zeabur.app/match/100/card.svg?utm_source=public_api&utm_medium=developer_referral&utm_campaign=wc26_public_api&utm_content=share_card_svg,https://ay-worldcup2026.zeabur.app/match/100/story.svg?utm_source=public_api&utm_medium=developer_referral&utm_campaign=wc26_public_api&utm_content=story_card_svg,https://ay-worldcup2026.zeabur.app/match/100.ics?utm_source=public_api&utm_medium=developer_referral&utm_campaign=wc26_public_api&utm_content=calendar_ics,https://ay-worldcup2026.zeabur.app/api/public/v1/matches/100/share?timezone=UTC&utm_source=public_api&utm_medium=developer_referral&utm_campaign=wc26_public_api&utm_content=api_share_pack
101,sf,Semifinal,SF,Dallas Stadium,2026-07-14T19:00:00.000Z,2026-07-15,03:00,TBD,TBD,🏳,TBD,TBD,🏳,https://ay-worldcup2026.zeabur.app/match/101,https://ay-worldcup2026.zeabur.app/live/match-101,https://ay-worldcup2026.zeabur.app/live-score/match-101,https://ay-worldcup2026.zeabur.app/match/101/card.svg?utm_source=public_api&utm_medium=developer_referral&utm_campaign=wc26_public_api&utm_content=share_card_svg,https://ay-worldcup2026.zeabur.app/match/101/story.svg?utm_source=public_api&utm_medium=developer_referral&utm_campaign=wc26_public_api&utm_content=story_card_svg,https://ay-worldcup2026.zeabur.app/match/101.ics?utm_source=public_api&utm_medium=developer_referral&utm_campaign=wc26_public_api&utm_content=calendar_ics,https://ay-worldcup2026.zeabur.app/api/public/v1/matches/101/share?timezone=UTC&utm_source=public_api&utm_medium=developer_referral&utm_campaign=wc26_public_api&utm_content=api_share_pack
102,sf,Semifinal,SF,Atlanta Stadium,2026-07-15T19:00:00.000Z,2026-07-16,03:00,TBD,TBD,🏳,TBD,TBD,🏳,https://ay-worldcup2026.zeabur.app/match/102,https://ay-worldcup2026.zeabur.app/live/match-102,https://ay-worldcup2026.zeabur.app/live-score/match-102,https://ay-worldcup2026.zeabur.app/match/102/card.svg?utm_source=public_api&utm_medium=developer_referral&utm_campaign=wc26_public_api&utm_content=share_card_svg,https://ay-worldcup2026.zeabur.app/match/102/story.svg?utm_source=public_api&utm_medium=developer_referral&utm_campaign=wc26_public_api&utm_content=story_card_svg,https://ay-worldcup2026.zeabur.app/match/102.ics?utm_source=public_api&utm_medium=developer_referral&utm_campaign=wc26_public_api&utm_content=calendar_ics,https://ay-worldcup2026.zeabur.app/api/public/v1/matches/102/share?timezone=UTC&utm_source=public_api&utm_medium=developer_referral&utm_campaign=wc26_public_api&utm_content=api_share_pack
103,3rd,Third-place match,3RD,Miami Stadium,2026-07-18T21:00:00.000Z,2026-07-19,05:00,TBD,TBD,🏳,TBD,TBD,🏳,https://ay-worldcup2026.zeabur.app/match/103,https://ay-worldcup2026.zeabur.app/live/match-103,https://ay-worldcup2026.zeabur.app/live-score/match-103,https://ay-worldcup2026.zeabur.app/match/103/card.svg?utm_source=public_api&utm_medium=developer_referral&utm_campaign=wc26_public_api&utm_content=share_card_svg,https://ay-worldcup2026.zeabur.app/match/103/story.svg?utm_source=public_api&utm_medium=developer_referral&utm_campaign=wc26_public_api&utm_content=story_card_svg,https://ay-worldcup2026.zeabur.app/match/103.ics?utm_source=public_api&utm_medium=developer_referral&utm_campaign=wc26_public_api&utm_content=calendar_ics,https://ay-worldcup2026.zeabur.app/api/public/v1/matches/103/share?timezone=UTC&utm_source=public_api&utm_medium=developer_referral&utm_campaign=wc26_public_api&utm_content=api_share_pack
104,final,Final,FINAL,New York/New Jersey Stadium,2026-07-19T19:00:00.000Z,2026-07-20,03:00,TBD,TBD,🏳,TBD,TBD,🏳,https://ay-worldcup2026.zeabur.app/match/104,https://ay-worldcup2026.zeabur.app/live/match-104,https://ay-worldcup2026.zeabur.app/live-score/match-104,https://ay-worldcup2026.zeabur.app/match/104/card.svg?utm_source=public_api&utm_medium=developer_referral&utm_campaign=wc26_public_api&utm_content=share_card_svg,https://ay-worldcup2026.zeabur.app/match/104/story.svg?utm_source=public_api&utm_medium=developer_referral&utm_campaign=wc26_public_api&utm_content=story_card_svg,https://ay-worldcup2026.zeabur.app/match/104.ics?utm_source=public_api&utm_medium=developer_referral&utm_campaign=wc26_public_api&utm_content=calendar_ics,https://ay-worldcup2026.zeabur.app/api/public/v1/matches/104/share?timezone=UTC&utm_source=public_api&utm_medium=developer_referral&utm_campaign=wc26_public_api&utm_content=api_share_pack
