team_code,team_name,team_flag,team_slug,team_schedule_url,team_schedule_json,match_id,stage,stage_name,group,venue,kickoff_utc,taipei_date,taipei_time,is_home,opponent_code,opponent_name,opponent_flag,opponent_slug,match_url,match_answer_url,match_answer_json,live_score_url,calendar_ics,ai_prediction_url
ALG,Algeria,🇩🇿,algeria,https://ay-worldcup2026.zeabur.app/team/algeria,https://ay-worldcup2026.zeabur.app/team/algeria.json,19,group,Group J,J,Kansas City Stadium,2026-06-17T01:00:00.000Z,2026-06-17,09:00,false,ARG,Argentina,🇦🇷,argentina,https://ay-worldcup2026.zeabur.app/match/19,https://ay-worldcup2026.zeabur.app/match/19/answer,https://ay-worldcup2026.zeabur.app/match/19/answer.json,https://ay-worldcup2026.zeabur.app/live-score/argentina-algeria,https://ay-worldcup2026.zeabur.app/match/19.ics,https://ay-worldcup2026.zeabur.app/?match=19&oracle=1&utm_source=team_schedule_dataset&utm_medium=developer_referral&utm_campaign=wc26_team_schedule_dataset&utm_content=algeria_19
ALG,Algeria,🇩🇿,algeria,https://ay-worldcup2026.zeabur.app/team/algeria,https://ay-worldcup2026.zeabur.app/team/algeria.json,44,group,Group J,J,San Francisco Bay Area Stadium,2026-06-23T03:00:00.000Z,2026-06-23,11:00,false,JOR,Jordan,🇯🇴,jordan,https://ay-worldcup2026.zeabur.app/match/44,https://ay-worldcup2026.zeabur.app/match/44/answer,https://ay-worldcup2026.zeabur.app/match/44/answer.json,https://ay-worldcup2026.zeabur.app/live-score/jordan-algeria,https://ay-worldcup2026.zeabur.app/match/44.ics,https://ay-worldcup2026.zeabur.app/?match=44&oracle=1&utm_source=team_schedule_dataset&utm_medium=developer_referral&utm_campaign=wc26_team_schedule_dataset&utm_content=algeria_44
ALG,Algeria,🇩🇿,algeria,https://ay-worldcup2026.zeabur.app/team/algeria,https://ay-worldcup2026.zeabur.app/team/algeria.json,69,group,Group J,J,Kansas City Stadium,2026-06-28T02:00:00.000Z,2026-06-28,10:00,true,AUT,Austria,🇦🇹,austria,https://ay-worldcup2026.zeabur.app/match/69,https://ay-worldcup2026.zeabur.app/match/69/answer,https://ay-worldcup2026.zeabur.app/match/69/answer.json,https://ay-worldcup2026.zeabur.app/live-score/algeria-austria,https://ay-worldcup2026.zeabur.app/match/69.ics,https://ay-worldcup2026.zeabur.app/?match=69&oracle=1&utm_source=team_schedule_dataset&utm_medium=developer_referral&utm_campaign=wc26_team_schedule_dataset&utm_content=algeria_69
ARG,Argentina,🇦🇷,argentina,https://ay-worldcup2026.zeabur.app/team/argentina,https://ay-worldcup2026.zeabur.app/team/argentina.json,19,group,Group J,J,Kansas City Stadium,2026-06-17T01:00:00.000Z,2026-06-17,09:00,true,ALG,Algeria,🇩🇿,algeria,https://ay-worldcup2026.zeabur.app/match/19,https://ay-worldcup2026.zeabur.app/match/19/answer,https://ay-worldcup2026.zeabur.app/match/19/answer.json,https://ay-worldcup2026.zeabur.app/live-score/argentina-algeria,https://ay-worldcup2026.zeabur.app/match/19.ics,https://ay-worldcup2026.zeabur.app/?match=19&oracle=1&utm_source=team_schedule_dataset&utm_medium=developer_referral&utm_campaign=wc26_team_schedule_dataset&utm_content=argentina_19
ARG,Argentina,🇦🇷,argentina,https://ay-worldcup2026.zeabur.app/team/argentina,https://ay-worldcup2026.zeabur.app/team/argentina.json,43,group,Group J,J,Dallas Stadium,2026-06-22T17:00:00.000Z,2026-06-23,01:00,true,AUT,Austria,🇦🇹,austria,https://ay-worldcup2026.zeabur.app/match/43,https://ay-worldcup2026.zeabur.app/match/43/answer,https://ay-worldcup2026.zeabur.app/match/43/answer.json,https://ay-worldcup2026.zeabur.app/live-score/argentina-austria,https://ay-worldcup2026.zeabur.app/match/43.ics,https://ay-worldcup2026.zeabur.app/?match=43&oracle=1&utm_source=team_schedule_dataset&utm_medium=developer_referral&utm_campaign=wc26_team_schedule_dataset&utm_content=argentina_43
ARG,Argentina,🇦🇷,argentina,https://ay-worldcup2026.zeabur.app/team/argentina,https://ay-worldcup2026.zeabur.app/team/argentina.json,70,group,Group J,J,Dallas Stadium,2026-06-28T02:00:00.000Z,2026-06-28,10:00,false,JOR,Jordan,🇯🇴,jordan,https://ay-worldcup2026.zeabur.app/match/70,https://ay-worldcup2026.zeabur.app/match/70/answer,https://ay-worldcup2026.zeabur.app/match/70/answer.json,https://ay-worldcup2026.zeabur.app/live-score/jordan-argentina,https://ay-worldcup2026.zeabur.app/match/70.ics,https://ay-worldcup2026.zeabur.app/?match=70&oracle=1&utm_source=team_schedule_dataset&utm_medium=developer_referral&utm_campaign=wc26_team_schedule_dataset&utm_content=argentina_70
AUS,Australia,🇦🇺,australia,https://ay-worldcup2026.zeabur.app/team/australia,https://ay-worldcup2026.zeabur.app/team/australia.json,6,group,Group D,D,BC Place Vancouver,2026-06-14T04:00:00.000Z,2026-06-14,12:00,true,TUR,Türkiye,🇹🇷,turkiye,https://ay-worldcup2026.zeabur.app/match/6,https://ay-worldcup2026.zeabur.app/match/6/answer,https://ay-worldcup2026.zeabur.app/match/6/answer.json,https://ay-worldcup2026.zeabur.app/live-score/australia-turkiye,https://ay-worldcup2026.zeabur.app/match/6.ics,https://ay-worldcup2026.zeabur.app/?match=6&oracle=1&utm_source=team_schedule_dataset&utm_medium=developer_referral&utm_campaign=wc26_team_schedule_dataset&utm_content=australia_6
AUS,Australia,🇦🇺,australia,https://ay-worldcup2026.zeabur.app/team/australia,https://ay-worldcup2026.zeabur.app/team/australia.json,32,group,Group D,D,Seattle Stadium,2026-06-19T19:00:00.000Z,2026-06-20,03:00,false,USA,United States,🇺🇸,usa,https://ay-worldcup2026.zeabur.app/match/32,https://ay-worldcup2026.zeabur.app/match/32/answer,https://ay-worldcup2026.zeabur.app/match/32/answer.json,https://ay-worldcup2026.zeabur.app/live-score/usa-australia,https://ay-worldcup2026.zeabur.app/match/32.ics,https://ay-worldcup2026.zeabur.app/?match=32&oracle=1&utm_source=team_schedule_dataset&utm_medium=developer_referral&utm_campaign=wc26_team_schedule_dataset&utm_content=australia_32
AUS,Australia,🇦🇺,australia,https://ay-worldcup2026.zeabur.app/team/australia,https://ay-worldcup2026.zeabur.app/team/australia.json,60,group,Group D,D,San Francisco Bay Area Stadium,2026-06-26T02:00:00.000Z,2026-06-26,10:00,false,PAR,Paraguay,🇵🇾,paraguay,https://ay-worldcup2026.zeabur.app/match/60,https://ay-worldcup2026.zeabur.app/match/60/answer,https://ay-worldcup2026.zeabur.app/match/60/answer.json,https://ay-worldcup2026.zeabur.app/live-score/paraguay-australia,https://ay-worldcup2026.zeabur.app/match/60.ics,https://ay-worldcup2026.zeabur.app/?match=60&oracle=1&utm_source=team_schedule_dataset&utm_medium=developer_referral&utm_campaign=wc26_team_schedule_dataset&utm_content=australia_60
AUT,Austria,🇦🇹,austria,https://ay-worldcup2026.zeabur.app/team/austria,https://ay-worldcup2026.zeabur.app/team/austria.json,20,group,Group J,J,San Francisco Bay Area Stadium,2026-06-17T04:00:00.000Z,2026-06-17,12:00,true,JOR,Jordan,🇯🇴,jordan,https://ay-worldcup2026.zeabur.app/match/20,https://ay-worldcup2026.zeabur.app/match/20/answer,https://ay-worldcup2026.zeabur.app/match/20/answer.json,https://ay-worldcup2026.zeabur.app/live-score/austria-jordan,https://ay-worldcup2026.zeabur.app/match/20.ics,https://ay-worldcup2026.zeabur.app/?match=20&oracle=1&utm_source=team_schedule_dataset&utm_medium=developer_referral&utm_campaign=wc26_team_schedule_dataset&utm_content=austria_20
AUT,Austria,🇦🇹,austria,https://ay-worldcup2026.zeabur.app/team/austria,https://ay-worldcup2026.zeabur.app/team/austria.json,43,group,Group J,J,Dallas Stadium,2026-06-22T17:00:00.000Z,2026-06-23,01:00,false,ARG,Argentina,🇦🇷,argentina,https://ay-worldcup2026.zeabur.app/match/43,https://ay-worldcup2026.zeabur.app/match/43/answer,https://ay-worldcup2026.zeabur.app/match/43/answer.json,https://ay-worldcup2026.zeabur.app/live-score/argentina-austria,https://ay-worldcup2026.zeabur.app/match/43.ics,https://ay-worldcup2026.zeabur.app/?match=43&oracle=1&utm_source=team_schedule_dataset&utm_medium=developer_referral&utm_campaign=wc26_team_schedule_dataset&utm_content=austria_43
AUT,Austria,🇦🇹,austria,https://ay-worldcup2026.zeabur.app/team/austria,https://ay-worldcup2026.zeabur.app/team/austria.json,69,group,Group J,J,Kansas City Stadium,2026-06-28T02:00:00.000Z,2026-06-28,10:00,false,ALG,Algeria,🇩🇿,algeria,https://ay-worldcup2026.zeabur.app/match/69,https://ay-worldcup2026.zeabur.app/match/69/answer,https://ay-worldcup2026.zeabur.app/match/69/answer.json,https://ay-worldcup2026.zeabur.app/live-score/algeria-austria,https://ay-worldcup2026.zeabur.app/match/69.ics,https://ay-worldcup2026.zeabur.app/?match=69&oracle=1&utm_source=team_schedule_dataset&utm_medium=developer_referral&utm_campaign=wc26_team_schedule_dataset&utm_content=austria_69
BEL,Belgium,🇧🇪,belgium,https://ay-worldcup2026.zeabur.app/team/belgium,https://ay-worldcup2026.zeabur.app/team/belgium.json,16,group,Group G,G,Seattle Stadium,2026-06-15T19:00:00.000Z,2026-06-16,03:00,true,EGY,Egypt,🇪🇬,egypt,https://ay-worldcup2026.zeabur.app/match/16,https://ay-worldcup2026.zeabur.app/match/16/answer,https://ay-worldcup2026.zeabur.app/match/16/answer.json,https://ay-worldcup2026.zeabur.app/live-score/belgium-egypt,https://ay-worldcup2026.zeabur.app/match/16.ics,https://ay-worldcup2026.zeabur.app/?match=16&oracle=1&utm_source=team_schedule_dataset&utm_medium=developer_referral&utm_campaign=wc26_team_schedule_dataset&utm_content=belgium_16
BEL,Belgium,🇧🇪,belgium,https://ay-worldcup2026.zeabur.app/team/belgium,https://ay-worldcup2026.zeabur.app/team/belgium.json,39,group,Group G,G,Los Angeles Stadium,2026-06-21T19:00:00.000Z,2026-06-22,03:00,true,IRN,Iran,🇮🇷,iran,https://ay-worldcup2026.zeabur.app/match/39,https://ay-worldcup2026.zeabur.app/match/39/answer,https://ay-worldcup2026.zeabur.app/match/39/answer.json,https://ay-worldcup2026.zeabur.app/live-score/belgium-iran,https://ay-worldcup2026.zeabur.app/match/39.ics,https://ay-worldcup2026.zeabur.app/?match=39&oracle=1&utm_source=team_schedule_dataset&utm_medium=developer_referral&utm_campaign=wc26_team_schedule_dataset&utm_content=belgium_39
BEL,Belgium,🇧🇪,belgium,https://ay-worldcup2026.zeabur.app/team/belgium,https://ay-worldcup2026.zeabur.app/team/belgium.json,64,group,Group G,G,BC Place Vancouver,2026-06-27T03:00:00.000Z,2026-06-27,11:00,false,NZL,New Zealand,🇳🇿,new-zealand,https://ay-worldcup2026.zeabur.app/match/64,https://ay-worldcup2026.zeabur.app/match/64/answer,https://ay-worldcup2026.zeabur.app/match/64/answer.json,https://ay-worldcup2026.zeabur.app/live-score/new-zealand-belgium,https://ay-worldcup2026.zeabur.app/match/64.ics,https://ay-worldcup2026.zeabur.app/?match=64&oracle=1&utm_source=team_schedule_dataset&utm_medium=developer_referral&utm_campaign=wc26_team_schedule_dataset&utm_content=belgium_64
BIH,Bosnia & Herzegovina,🇧🇦,bosnia-and-herzegovina,https://ay-worldcup2026.zeabur.app/team/bosnia-and-herzegovina,https://ay-worldcup2026.zeabur.app/team/bosnia-and-herzegovina.json,3,group,Group B,B,Toronto Stadium,2026-06-12T19:00:00.000Z,2026-06-13,03:00,false,CAN,Canada,🇨🇦,canada,https://ay-worldcup2026.zeabur.app/match/3,https://ay-worldcup2026.zeabur.app/match/3/answer,https://ay-worldcup2026.zeabur.app/match/3/answer.json,https://ay-worldcup2026.zeabur.app/live-score/canada-bosnia-and-herzegovina,https://ay-worldcup2026.zeabur.app/match/3.ics,https://ay-worldcup2026.zeabur.app/?match=3&oracle=1&utm_source=team_schedule_dataset&utm_medium=developer_referral&utm_campaign=wc26_team_schedule_dataset&utm_content=bosnia-and-herzegovina_3
BIH,Bosnia & Herzegovina,🇧🇦,bosnia-and-herzegovina,https://ay-worldcup2026.zeabur.app/team/bosnia-and-herzegovina,https://ay-worldcup2026.zeabur.app/team/bosnia-and-herzegovina.json,26,group,Group B,B,Los Angeles Stadium,2026-06-18T19:00:00.000Z,2026-06-19,03:00,false,SUI,Switzerland,🇨🇭,switzerland,https://ay-worldcup2026.zeabur.app/match/26,https://ay-worldcup2026.zeabur.app/match/26/answer,https://ay-worldcup2026.zeabur.app/match/26/answer.json,https://ay-worldcup2026.zeabur.app/live-score/switzerland-bosnia-and-herzegovina,https://ay-worldcup2026.zeabur.app/match/26.ics,https://ay-worldcup2026.zeabur.app/?match=26&oracle=1&utm_source=team_schedule_dataset&utm_medium=developer_referral&utm_campaign=wc26_team_schedule_dataset&utm_content=bosnia-and-herzegovina_26
BIH,Bosnia & Herzegovina,🇧🇦,bosnia-and-herzegovina,https://ay-worldcup2026.zeabur.app/team/bosnia-and-herzegovina,https://ay-worldcup2026.zeabur.app/team/bosnia-and-herzegovina.json,52,group,Group B,B,Seattle Stadium,2026-06-24T19:00:00.000Z,2026-06-25,03:00,true,QAT,Qatar,🇶🇦,qatar,https://ay-worldcup2026.zeabur.app/match/52,https://ay-worldcup2026.zeabur.app/match/52/answer,https://ay-worldcup2026.zeabur.app/match/52/answer.json,https://ay-worldcup2026.zeabur.app/live-score/bosnia-and-herzegovina-qatar,https://ay-worldcup2026.zeabur.app/match/52.ics,https://ay-worldcup2026.zeabur.app/?match=52&oracle=1&utm_source=team_schedule_dataset&utm_medium=developer_referral&utm_campaign=wc26_team_schedule_dataset&utm_content=bosnia-and-herzegovina_52
BRA,Brazil,🇧🇷,brazil,https://ay-worldcup2026.zeabur.app/team/brazil,https://ay-worldcup2026.zeabur.app/team/brazil.json,7,group,Group C,C,New York/New Jersey Stadium,2026-06-13T22:00:00.000Z,2026-06-14,06:00,true,MAR,Morocco,🇲🇦,morocco,https://ay-worldcup2026.zeabur.app/match/7,https://ay-worldcup2026.zeabur.app/match/7/answer,https://ay-worldcup2026.zeabur.app/match/7/answer.json,https://ay-worldcup2026.zeabur.app/live-score/brazil-morocco,https://ay-worldcup2026.zeabur.app/match/7.ics,https://ay-worldcup2026.zeabur.app/?match=7&oracle=1&utm_source=team_schedule_dataset&utm_medium=developer_referral&utm_campaign=wc26_team_schedule_dataset&utm_content=brazil_7
BRA,Brazil,🇧🇷,brazil,https://ay-worldcup2026.zeabur.app/team/brazil,https://ay-worldcup2026.zeabur.app/team/brazil.json,29,group,Group C,C,Philadelphia Stadium,2026-06-20T00:30:00.000Z,2026-06-20,08:30,true,HAI,Haiti,🇭🇹,haiti,https://ay-worldcup2026.zeabur.app/match/29,https://ay-worldcup2026.zeabur.app/match/29/answer,https://ay-worldcup2026.zeabur.app/match/29/answer.json,https://ay-worldcup2026.zeabur.app/live-score/brazil-haiti,https://ay-worldcup2026.zeabur.app/match/29.ics,https://ay-worldcup2026.zeabur.app/?match=29&oracle=1&utm_source=team_schedule_dataset&utm_medium=developer_referral&utm_campaign=wc26_team_schedule_dataset&utm_content=brazil_29
BRA,Brazil,🇧🇷,brazil,https://ay-worldcup2026.zeabur.app/team/brazil,https://ay-worldcup2026.zeabur.app/team/brazil.json,49,group,Group C,C,Miami Stadium,2026-06-24T22:00:00.000Z,2026-06-25,06:00,false,SCO,Scotland,🏴󠁧󠁢󠁳󠁣󠁴󠁿,scotland,https://ay-worldcup2026.zeabur.app/match/49,https://ay-worldcup2026.zeabur.app/match/49/answer,https://ay-worldcup2026.zeabur.app/match/49/answer.json,https://ay-worldcup2026.zeabur.app/live-score/scotland-brazil,https://ay-worldcup2026.zeabur.app/match/49.ics,https://ay-worldcup2026.zeabur.app/?match=49&oracle=1&utm_source=team_schedule_dataset&utm_medium=developer_referral&utm_campaign=wc26_team_schedule_dataset&utm_content=brazil_49
CAN,Canada,🇨🇦,canada,https://ay-worldcup2026.zeabur.app/team/canada,https://ay-worldcup2026.zeabur.app/team/canada.json,3,group,Group B,B,Toronto Stadium,2026-06-12T19:00:00.000Z,2026-06-13,03:00,true,BIH,Bosnia & Herzegovina,🇧🇦,bosnia-and-herzegovina,https://ay-worldcup2026.zeabur.app/match/3,https://ay-worldcup2026.zeabur.app/match/3/answer,https://ay-worldcup2026.zeabur.app/match/3/answer.json,https://ay-worldcup2026.zeabur.app/live-score/canada-bosnia-and-herzegovina,https://ay-worldcup2026.zeabur.app/match/3.ics,https://ay-worldcup2026.zeabur.app/?match=3&oracle=1&utm_source=team_schedule_dataset&utm_medium=developer_referral&utm_campaign=wc26_team_schedule_dataset&utm_content=canada_3
CAN,Canada,🇨🇦,canada,https://ay-worldcup2026.zeabur.app/team/canada,https://ay-worldcup2026.zeabur.app/team/canada.json,27,group,Group B,B,BC Place Vancouver,2026-06-18T22:00:00.000Z,2026-06-19,06:00,true,QAT,Qatar,🇶🇦,qatar,https://ay-worldcup2026.zeabur.app/match/27,https://ay-worldcup2026.zeabur.app/match/27/answer,https://ay-worldcup2026.zeabur.app/match/27/answer.json,https://ay-worldcup2026.zeabur.app/live-score/canada-qatar,https://ay-worldcup2026.zeabur.app/match/27.ics,https://ay-worldcup2026.zeabur.app/?match=27&oracle=1&utm_source=team_schedule_dataset&utm_medium=developer_referral&utm_campaign=wc26_team_schedule_dataset&utm_content=canada_27
CAN,Canada,🇨🇦,canada,https://ay-worldcup2026.zeabur.app/team/canada,https://ay-worldcup2026.zeabur.app/team/canada.json,51,group,Group B,B,BC Place Vancouver,2026-06-24T19:00:00.000Z,2026-06-25,03:00,false,SUI,Switzerland,🇨🇭,switzerland,https://ay-worldcup2026.zeabur.app/match/51,https://ay-worldcup2026.zeabur.app/match/51/answer,https://ay-worldcup2026.zeabur.app/match/51/answer.json,https://ay-worldcup2026.zeabur.app/live-score/switzerland-canada,https://ay-worldcup2026.zeabur.app/match/51.ics,https://ay-worldcup2026.zeabur.app/?match=51&oracle=1&utm_source=team_schedule_dataset&utm_medium=developer_referral&utm_campaign=wc26_team_schedule_dataset&utm_content=canada_51
CPV,Cape Verde,🇨🇻,cape-verde,https://ay-worldcup2026.zeabur.app/team/cape-verde,https://ay-worldcup2026.zeabur.app/team/cape-verde.json,14,group,Group H,H,Atlanta Stadium,2026-06-15T16:00:00.000Z,2026-06-16,00:00,false,ESP,Spain,🇪🇸,spain,https://ay-worldcup2026.zeabur.app/match/14,https://ay-worldcup2026.zeabur.app/match/14/answer,https://ay-worldcup2026.zeabur.app/match/14/answer.json,https://ay-worldcup2026.zeabur.app/live-score/spain-cape-verde,https://ay-worldcup2026.zeabur.app/match/14.ics,https://ay-worldcup2026.zeabur.app/?match=14&oracle=1&utm_source=team_schedule_dataset&utm_medium=developer_referral&utm_campaign=wc26_team_schedule_dataset&utm_content=cape-verde_14
CPV,Cape Verde,🇨🇻,cape-verde,https://ay-worldcup2026.zeabur.app/team/cape-verde,https://ay-worldcup2026.zeabur.app/team/cape-verde.json,37,group,Group H,H,Miami Stadium,2026-06-21T22:00:00.000Z,2026-06-22,06:00,false,URU,Uruguay,🇺🇾,uruguay,https://ay-worldcup2026.zeabur.app/match/37,https://ay-worldcup2026.zeabur.app/match/37/answer,https://ay-worldcup2026.zeabur.app/match/37/answer.json,https://ay-worldcup2026.zeabur.app/live-score/uruguay-cape-verde,https://ay-worldcup2026.zeabur.app/match/37.ics,https://ay-worldcup2026.zeabur.app/?match=37&oracle=1&utm_source=team_schedule_dataset&utm_medium=developer_referral&utm_campaign=wc26_team_schedule_dataset&utm_content=cape-verde_37
CPV,Cape Verde,🇨🇻,cape-verde,https://ay-worldcup2026.zeabur.app/team/cape-verde,https://ay-worldcup2026.zeabur.app/team/cape-verde.json,65,group,Group H,H,Houston Stadium,2026-06-27T00:00:00.000Z,2026-06-27,08:00,true,KSA,Saudi Arabia,🇸🇦,saudi-arabia,https://ay-worldcup2026.zeabur.app/match/65,https://ay-worldcup2026.zeabur.app/match/65/answer,https://ay-worldcup2026.zeabur.app/match/65/answer.json,https://ay-worldcup2026.zeabur.app/live-score/cape-verde-saudi-arabia,https://ay-worldcup2026.zeabur.app/match/65.ics,https://ay-worldcup2026.zeabur.app/?match=65&oracle=1&utm_source=team_schedule_dataset&utm_medium=developer_referral&utm_campaign=wc26_team_schedule_dataset&utm_content=cape-verde_65
COL,Colombia,🇨🇴,colombia,https://ay-worldcup2026.zeabur.app/team/colombia,https://ay-worldcup2026.zeabur.app/team/colombia.json,24,group,Group K,K,Mexico City Stadium,2026-06-18T02:00:00.000Z,2026-06-18,10:00,false,UZB,Uzbekistan,🇺🇿,uzbekistan,https://ay-worldcup2026.zeabur.app/match/24,https://ay-worldcup2026.zeabur.app/match/24/answer,https://ay-worldcup2026.zeabur.app/match/24/answer.json,https://ay-worldcup2026.zeabur.app/live-score/uzbekistan-colombia,https://ay-worldcup2026.zeabur.app/match/24.ics,https://ay-worldcup2026.zeabur.app/?match=24&oracle=1&utm_source=team_schedule_dataset&utm_medium=developer_referral&utm_campaign=wc26_team_schedule_dataset&utm_content=colombia_24
COL,Colombia,🇨🇴,colombia,https://ay-worldcup2026.zeabur.app/team/colombia,https://ay-worldcup2026.zeabur.app/team/colombia.json,48,group,Group K,K,Guadalajara Stadium,2026-06-24T02:00:00.000Z,2026-06-24,10:00,true,COD,Congo - Kinshasa,🇨🇩,congo-kinshasa,https://ay-worldcup2026.zeabur.app/match/48,https://ay-worldcup2026.zeabur.app/match/48/answer,https://ay-worldcup2026.zeabur.app/match/48/answer.json,https://ay-worldcup2026.zeabur.app/live-score/colombia-congo-kinshasa,https://ay-worldcup2026.zeabur.app/match/48.ics,https://ay-worldcup2026.zeabur.app/?match=48&oracle=1&utm_source=team_schedule_dataset&utm_medium=developer_referral&utm_campaign=wc26_team_schedule_dataset&utm_content=colombia_48
COL,Colombia,🇨🇴,colombia,https://ay-worldcup2026.zeabur.app/team/colombia,https://ay-worldcup2026.zeabur.app/team/colombia.json,71,group,Group K,K,Miami Stadium,2026-06-27T23:30:00.000Z,2026-06-28,07:30,true,POR,Portugal,🇵🇹,portugal,https://ay-worldcup2026.zeabur.app/match/71,https://ay-worldcup2026.zeabur.app/match/71/answer,https://ay-worldcup2026.zeabur.app/match/71/answer.json,https://ay-worldcup2026.zeabur.app/live-score/colombia-portugal,https://ay-worldcup2026.zeabur.app/match/71.ics,https://ay-worldcup2026.zeabur.app/?match=71&oracle=1&utm_source=team_schedule_dataset&utm_medium=developer_referral&utm_campaign=wc26_team_schedule_dataset&utm_content=colombia_71
COD,Congo - Kinshasa,🇨🇩,congo-kinshasa,https://ay-worldcup2026.zeabur.app/team/congo-kinshasa,https://ay-worldcup2026.zeabur.app/team/congo-kinshasa.json,23,group,Group K,K,Houston Stadium,2026-06-17T17:00:00.000Z,2026-06-18,01:00,false,POR,Portugal,🇵🇹,portugal,https://ay-worldcup2026.zeabur.app/match/23,https://ay-worldcup2026.zeabur.app/match/23/answer,https://ay-worldcup2026.zeabur.app/match/23/answer.json,https://ay-worldcup2026.zeabur.app/live-score/portugal-congo-kinshasa,https://ay-worldcup2026.zeabur.app/match/23.ics,https://ay-worldcup2026.zeabur.app/?match=23&oracle=1&utm_source=team_schedule_dataset&utm_medium=developer_referral&utm_campaign=wc26_team_schedule_dataset&utm_content=congo-kinshasa_23
COD,Congo - Kinshasa,🇨🇩,congo-kinshasa,https://ay-worldcup2026.zeabur.app/team/congo-kinshasa,https://ay-worldcup2026.zeabur.app/team/congo-kinshasa.json,48,group,Group K,K,Guadalajara Stadium,2026-06-24T02:00:00.000Z,2026-06-24,10:00,false,COL,Colombia,🇨🇴,colombia,https://ay-worldcup2026.zeabur.app/match/48,https://ay-worldcup2026.zeabur.app/match/48/answer,https://ay-worldcup2026.zeabur.app/match/48/answer.json,https://ay-worldcup2026.zeabur.app/live-score/colombia-congo-kinshasa,https://ay-worldcup2026.zeabur.app/match/48.ics,https://ay-worldcup2026.zeabur.app/?match=48&oracle=1&utm_source=team_schedule_dataset&utm_medium=developer_referral&utm_campaign=wc26_team_schedule_dataset&utm_content=congo-kinshasa_48
COD,Congo - Kinshasa,🇨🇩,congo-kinshasa,https://ay-worldcup2026.zeabur.app/team/congo-kinshasa,https://ay-worldcup2026.zeabur.app/team/congo-kinshasa.json,72,group,Group K,K,Atlanta Stadium,2026-06-27T23:30:00.000Z,2026-06-28,07:30,true,UZB,Uzbekistan,🇺🇿,uzbekistan,https://ay-worldcup2026.zeabur.app/match/72,https://ay-worldcup2026.zeabur.app/match/72/answer,https://ay-worldcup2026.zeabur.app/match/72/answer.json,https://ay-worldcup2026.zeabur.app/live-score/congo-kinshasa-uzbekistan,https://ay-worldcup2026.zeabur.app/match/72.ics,https://ay-worldcup2026.zeabur.app/?match=72&oracle=1&utm_source=team_schedule_dataset&utm_medium=developer_referral&utm_campaign=wc26_team_schedule_dataset&utm_content=congo-kinshasa_72
CIV,Côte d’Ivoire,🇨🇮,cote-d-ivoire,https://ay-worldcup2026.zeabur.app/team/cote-d-ivoire,https://ay-worldcup2026.zeabur.app/team/cote-d-ivoire.json,9,group,Group E,E,Philadelphia Stadium,2026-06-14T23:00:00.000Z,2026-06-15,07:00,true,ECU,Ecuador,🇪🇨,ecuador,https://ay-worldcup2026.zeabur.app/match/9,https://ay-worldcup2026.zeabur.app/match/9/answer,https://ay-worldcup2026.zeabur.app/match/9/answer.json,https://ay-worldcup2026.zeabur.app/live-score/cote-d-ivoire-ecuador,https://ay-worldcup2026.zeabur.app/match/9.ics,https://ay-worldcup2026.zeabur.app/?match=9&oracle=1&utm_source=team_schedule_dataset&utm_medium=developer_referral&utm_campaign=wc26_team_schedule_dataset&utm_content=cote-d-ivoire_9
CIV,Côte d’Ivoire,🇨🇮,cote-d-ivoire,https://ay-worldcup2026.zeabur.app/team/cote-d-ivoire,https://ay-worldcup2026.zeabur.app/team/cote-d-ivoire.json,33,group,Group E,E,Toronto Stadium,2026-06-20T20:00:00.000Z,2026-06-21,04:00,false,GER,Germany,🇩🇪,germany,https://ay-worldcup2026.zeabur.app/match/33,https://ay-worldcup2026.zeabur.app/match/33/answer,https://ay-worldcup2026.zeabur.app/match/33/answer.json,https://ay-worldcup2026.zeabur.app/live-score/germany-cote-d-ivoire,https://ay-worldcup2026.zeabur.app/match/33.ics,https://ay-worldcup2026.zeabur.app/?match=33&oracle=1&utm_source=team_schedule_dataset&utm_medium=developer_referral&utm_campaign=wc26_team_schedule_dataset&utm_content=cote-d-ivoire_33
CIV,Côte d’Ivoire,🇨🇮,cote-d-ivoire,https://ay-worldcup2026.zeabur.app/team/cote-d-ivoire,https://ay-worldcup2026.zeabur.app/team/cote-d-ivoire.json,55,group,Group E,E,Philadelphia Stadium,2026-06-25T20:00:00.000Z,2026-06-26,04:00,false,CUW,Curaçao,🇨🇼,curacao,https://ay-worldcup2026.zeabur.app/match/55,https://ay-worldcup2026.zeabur.app/match/55/answer,https://ay-worldcup2026.zeabur.app/match/55/answer.json,https://ay-worldcup2026.zeabur.app/live-score/curacao-cote-d-ivoire,https://ay-worldcup2026.zeabur.app/match/55.ics,https://ay-worldcup2026.zeabur.app/?match=55&oracle=1&utm_source=team_schedule_dataset&utm_medium=developer_referral&utm_campaign=wc26_team_schedule_dataset&utm_content=cote-d-ivoire_55
CRO,Croatia,🇭🇷,croatia,https://ay-worldcup2026.zeabur.app/team/croatia,https://ay-worldcup2026.zeabur.app/team/croatia.json,22,group,Group L,L,Dallas Stadium,2026-06-17T20:00:00.000Z,2026-06-18,04:00,false,ENG,England,🏴󠁧󠁢󠁥󠁮󠁧󠁿,england,https://ay-worldcup2026.zeabur.app/match/22,https://ay-worldcup2026.zeabur.app/match/22/answer,https://ay-worldcup2026.zeabur.app/match/22/answer.json,https://ay-worldcup2026.zeabur.app/live-score/england-croatia,https://ay-worldcup2026.zeabur.app/match/22.ics,https://ay-worldcup2026.zeabur.app/?match=22&oracle=1&utm_source=team_schedule_dataset&utm_medium=developer_referral&utm_campaign=wc26_team_schedule_dataset&utm_content=croatia_22
CRO,Croatia,🇭🇷,croatia,https://ay-worldcup2026.zeabur.app/team/croatia,https://ay-worldcup2026.zeabur.app/team/croatia.json,46,group,Group L,L,Toronto Stadium,2026-06-23T23:00:00.000Z,2026-06-24,07:00,false,PAN,Panama,🇵🇦,panama,https://ay-worldcup2026.zeabur.app/match/46,https://ay-worldcup2026.zeabur.app/match/46/answer,https://ay-worldcup2026.zeabur.app/match/46/answer.json,https://ay-worldcup2026.zeabur.app/live-score/panama-croatia,https://ay-worldcup2026.zeabur.app/match/46.ics,https://ay-worldcup2026.zeabur.app/?match=46&oracle=1&utm_source=team_schedule_dataset&utm_medium=developer_referral&utm_campaign=wc26_team_schedule_dataset&utm_content=croatia_46
CRO,Croatia,🇭🇷,croatia,https://ay-worldcup2026.zeabur.app/team/croatia,https://ay-worldcup2026.zeabur.app/team/croatia.json,68,group,Group L,L,Philadelphia Stadium,2026-06-27T21:00:00.000Z,2026-06-28,05:00,true,GHA,Ghana,🇬🇭,ghana,https://ay-worldcup2026.zeabur.app/match/68,https://ay-worldcup2026.zeabur.app/match/68/answer,https://ay-worldcup2026.zeabur.app/match/68/answer.json,https://ay-worldcup2026.zeabur.app/live-score/croatia-ghana,https://ay-worldcup2026.zeabur.app/match/68.ics,https://ay-worldcup2026.zeabur.app/?match=68&oracle=1&utm_source=team_schedule_dataset&utm_medium=developer_referral&utm_campaign=wc26_team_schedule_dataset&utm_content=croatia_68
CUW,Curaçao,🇨🇼,curacao,https://ay-worldcup2026.zeabur.app/team/curacao,https://ay-worldcup2026.zeabur.app/team/curacao.json,10,group,Group E,E,Houston Stadium,2026-06-14T17:00:00.000Z,2026-06-15,01:00,false,GER,Germany,🇩🇪,germany,https://ay-worldcup2026.zeabur.app/match/10,https://ay-worldcup2026.zeabur.app/match/10/answer,https://ay-worldcup2026.zeabur.app/match/10/answer.json,https://ay-worldcup2026.zeabur.app/live-score/germany-curacao,https://ay-worldcup2026.zeabur.app/match/10.ics,https://ay-worldcup2026.zeabur.app/?match=10&oracle=1&utm_source=team_schedule_dataset&utm_medium=developer_referral&utm_campaign=wc26_team_schedule_dataset&utm_content=curacao_10
CUW,Curaçao,🇨🇼,curacao,https://ay-worldcup2026.zeabur.app/team/curacao,https://ay-worldcup2026.zeabur.app/team/curacao.json,34,group,Group E,E,Kansas City Stadium,2026-06-21T00:00:00.000Z,2026-06-21,08:00,false,ECU,Ecuador,🇪🇨,ecuador,https://ay-worldcup2026.zeabur.app/match/34,https://ay-worldcup2026.zeabur.app/match/34/answer,https://ay-worldcup2026.zeabur.app/match/34/answer.json,https://ay-worldcup2026.zeabur.app/live-score/ecuador-curacao,https://ay-worldcup2026.zeabur.app/match/34.ics,https://ay-worldcup2026.zeabur.app/?match=34&oracle=1&utm_source=team_schedule_dataset&utm_medium=developer_referral&utm_campaign=wc26_team_schedule_dataset&utm_content=curacao_34
CUW,Curaçao,🇨🇼,curacao,https://ay-worldcup2026.zeabur.app/team/curacao,https://ay-worldcup2026.zeabur.app/team/curacao.json,55,group,Group E,E,Philadelphia Stadium,2026-06-25T20:00:00.000Z,2026-06-26,04:00,true,CIV,Côte d’Ivoire,🇨🇮,cote-d-ivoire,https://ay-worldcup2026.zeabur.app/match/55,https://ay-worldcup2026.zeabur.app/match/55/answer,https://ay-worldcup2026.zeabur.app/match/55/answer.json,https://ay-worldcup2026.zeabur.app/live-score/curacao-cote-d-ivoire,https://ay-worldcup2026.zeabur.app/match/55.ics,https://ay-worldcup2026.zeabur.app/?match=55&oracle=1&utm_source=team_schedule_dataset&utm_medium=developer_referral&utm_campaign=wc26_team_schedule_dataset&utm_content=curacao_55
CZE,Czechia,🇨🇿,czechia,https://ay-worldcup2026.zeabur.app/team/czechia,https://ay-worldcup2026.zeabur.app/team/czechia.json,2,group,Group A,A,Guadalajara Stadium,2026-06-12T02:00:00.000Z,2026-06-12,10:00,false,KOR,South Korea,🇰🇷,south-korea,https://ay-worldcup2026.zeabur.app/match/2,https://ay-worldcup2026.zeabur.app/match/2/answer,https://ay-worldcup2026.zeabur.app/match/2/answer.json,https://ay-worldcup2026.zeabur.app/live-score/south-korea-czechia,https://ay-worldcup2026.zeabur.app/match/2.ics,https://ay-worldcup2026.zeabur.app/?match=2&oracle=1&utm_source=team_schedule_dataset&utm_medium=developer_referral&utm_campaign=wc26_team_schedule_dataset&utm_content=czechia_2
CZE,Czechia,🇨🇿,czechia,https://ay-worldcup2026.zeabur.app/team/czechia,https://ay-worldcup2026.zeabur.app/team/czechia.json,25,group,Group A,A,Atlanta Stadium,2026-06-18T16:00:00.000Z,2026-06-19,00:00,true,RSA,South Africa,🇿🇦,south-africa,https://ay-worldcup2026.zeabur.app/match/25,https://ay-worldcup2026.zeabur.app/match/25/answer,https://ay-worldcup2026.zeabur.app/match/25/answer.json,https://ay-worldcup2026.zeabur.app/live-score/czechia-south-africa,https://ay-worldcup2026.zeabur.app/match/25.ics,https://ay-worldcup2026.zeabur.app/?match=25&oracle=1&utm_source=team_schedule_dataset&utm_medium=developer_referral&utm_campaign=wc26_team_schedule_dataset&utm_content=czechia_25
CZE,Czechia,🇨🇿,czechia,https://ay-worldcup2026.zeabur.app/team/czechia,https://ay-worldcup2026.zeabur.app/team/czechia.json,53,group,Group A,A,Mexico City Stadium,2026-06-25T01:00:00.000Z,2026-06-25,09:00,true,MEX,Mexico,🇲🇽,mexico,https://ay-worldcup2026.zeabur.app/match/53,https://ay-worldcup2026.zeabur.app/match/53/answer,https://ay-worldcup2026.zeabur.app/match/53/answer.json,https://ay-worldcup2026.zeabur.app/live-score/czechia-mexico,https://ay-worldcup2026.zeabur.app/match/53.ics,https://ay-worldcup2026.zeabur.app/?match=53&oracle=1&utm_source=team_schedule_dataset&utm_medium=developer_referral&utm_campaign=wc26_team_schedule_dataset&utm_content=czechia_53
ECU,Ecuador,🇪🇨,ecuador,https://ay-worldcup2026.zeabur.app/team/ecuador,https://ay-worldcup2026.zeabur.app/team/ecuador.json,9,group,Group E,E,Philadelphia Stadium,2026-06-14T23:00:00.000Z,2026-06-15,07:00,false,CIV,Côte d’Ivoire,🇨🇮,cote-d-ivoire,https://ay-worldcup2026.zeabur.app/match/9,https://ay-worldcup2026.zeabur.app/match/9/answer,https://ay-worldcup2026.zeabur.app/match/9/answer.json,https://ay-worldcup2026.zeabur.app/live-score/cote-d-ivoire-ecuador,https://ay-worldcup2026.zeabur.app/match/9.ics,https://ay-worldcup2026.zeabur.app/?match=9&oracle=1&utm_source=team_schedule_dataset&utm_medium=developer_referral&utm_campaign=wc26_team_schedule_dataset&utm_content=ecuador_9
ECU,Ecuador,🇪🇨,ecuador,https://ay-worldcup2026.zeabur.app/team/ecuador,https://ay-worldcup2026.zeabur.app/team/ecuador.json,34,group,Group E,E,Kansas City Stadium,2026-06-21T00:00:00.000Z,2026-06-21,08:00,true,CUW,Curaçao,🇨🇼,curacao,https://ay-worldcup2026.zeabur.app/match/34,https://ay-worldcup2026.zeabur.app/match/34/answer,https://ay-worldcup2026.zeabur.app/match/34/answer.json,https://ay-worldcup2026.zeabur.app/live-score/ecuador-curacao,https://ay-worldcup2026.zeabur.app/match/34.ics,https://ay-worldcup2026.zeabur.app/?match=34&oracle=1&utm_source=team_schedule_dataset&utm_medium=developer_referral&utm_campaign=wc26_team_schedule_dataset&utm_content=ecuador_34
ECU,Ecuador,🇪🇨,ecuador,https://ay-worldcup2026.zeabur.app/team/ecuador,https://ay-worldcup2026.zeabur.app/team/ecuador.json,56,group,Group E,E,New York/New Jersey Stadium,2026-06-25T20:00:00.000Z,2026-06-26,04:00,true,GER,Germany,🇩🇪,germany,https://ay-worldcup2026.zeabur.app/match/56,https://ay-worldcup2026.zeabur.app/match/56/answer,https://ay-worldcup2026.zeabur.app/match/56/answer.json,https://ay-worldcup2026.zeabur.app/live-score/ecuador-germany,https://ay-worldcup2026.zeabur.app/match/56.ics,https://ay-worldcup2026.zeabur.app/?match=56&oracle=1&utm_source=team_schedule_dataset&utm_medium=developer_referral&utm_campaign=wc26_team_schedule_dataset&utm_content=ecuador_56
EGY,Egypt,🇪🇬,egypt,https://ay-worldcup2026.zeabur.app/team/egypt,https://ay-worldcup2026.zeabur.app/team/egypt.json,16,group,Group G,G,Seattle Stadium,2026-06-15T19:00:00.000Z,2026-06-16,03:00,false,BEL,Belgium,🇧🇪,belgium,https://ay-worldcup2026.zeabur.app/match/16,https://ay-worldcup2026.zeabur.app/match/16/answer,https://ay-worldcup2026.zeabur.app/match/16/answer.json,https://ay-worldcup2026.zeabur.app/live-score/belgium-egypt,https://ay-worldcup2026.zeabur.app/match/16.ics,https://ay-worldcup2026.zeabur.app/?match=16&oracle=1&utm_source=team_schedule_dataset&utm_medium=developer_referral&utm_campaign=wc26_team_schedule_dataset&utm_content=egypt_16
EGY,Egypt,🇪🇬,egypt,https://ay-worldcup2026.zeabur.app/team/egypt,https://ay-worldcup2026.zeabur.app/team/egypt.json,40,group,Group G,G,BC Place Vancouver,2026-06-22T01:00:00.000Z,2026-06-22,09:00,false,NZL,New Zealand,🇳🇿,new-zealand,https://ay-worldcup2026.zeabur.app/match/40,https://ay-worldcup2026.zeabur.app/match/40/answer,https://ay-worldcup2026.zeabur.app/match/40/answer.json,https://ay-worldcup2026.zeabur.app/live-score/new-zealand-egypt,https://ay-worldcup2026.zeabur.app/match/40.ics,https://ay-worldcup2026.zeabur.app/?match=40&oracle=1&utm_source=team_schedule_dataset&utm_medium=developer_referral&utm_campaign=wc26_team_schedule_dataset&utm_content=egypt_40
EGY,Egypt,🇪🇬,egypt,https://ay-worldcup2026.zeabur.app/team/egypt,https://ay-worldcup2026.zeabur.app/team/egypt.json,63,group,Group G,G,Seattle Stadium,2026-06-27T03:00:00.000Z,2026-06-27,11:00,true,IRN,Iran,🇮🇷,iran,https://ay-worldcup2026.zeabur.app/match/63,https://ay-worldcup2026.zeabur.app/match/63/answer,https://ay-worldcup2026.zeabur.app/match/63/answer.json,https://ay-worldcup2026.zeabur.app/live-score/egypt-iran,https://ay-worldcup2026.zeabur.app/match/63.ics,https://ay-worldcup2026.zeabur.app/?match=63&oracle=1&utm_source=team_schedule_dataset&utm_medium=developer_referral&utm_campaign=wc26_team_schedule_dataset&utm_content=egypt_63
ENG,England,🏴󠁧󠁢󠁥󠁮󠁧󠁿,england,https://ay-worldcup2026.zeabur.app/team/england,https://ay-worldcup2026.zeabur.app/team/england.json,22,group,Group L,L,Dallas Stadium,2026-06-17T20:00:00.000Z,2026-06-18,04:00,true,CRO,Croatia,🇭🇷,croatia,https://ay-worldcup2026.zeabur.app/match/22,https://ay-worldcup2026.zeabur.app/match/22/answer,https://ay-worldcup2026.zeabur.app/match/22/answer.json,https://ay-worldcup2026.zeabur.app/live-score/england-croatia,https://ay-worldcup2026.zeabur.app/match/22.ics,https://ay-worldcup2026.zeabur.app/?match=22&oracle=1&utm_source=team_schedule_dataset&utm_medium=developer_referral&utm_campaign=wc26_team_schedule_dataset&utm_content=england_22
ENG,England,🏴󠁧󠁢󠁥󠁮󠁧󠁿,england,https://ay-worldcup2026.zeabur.app/team/england,https://ay-worldcup2026.zeabur.app/team/england.json,45,group,Group L,L,Boston Stadium,2026-06-23T20:00:00.000Z,2026-06-24,04:00,true,GHA,Ghana,🇬🇭,ghana,https://ay-worldcup2026.zeabur.app/match/45,https://ay-worldcup2026.zeabur.app/match/45/answer,https://ay-worldcup2026.zeabur.app/match/45/answer.json,https://ay-worldcup2026.zeabur.app/live-score/england-ghana,https://ay-worldcup2026.zeabur.app/match/45.ics,https://ay-worldcup2026.zeabur.app/?match=45&oracle=1&utm_source=team_schedule_dataset&utm_medium=developer_referral&utm_campaign=wc26_team_schedule_dataset&utm_content=england_45
ENG,England,🏴󠁧󠁢󠁥󠁮󠁧󠁿,england,https://ay-worldcup2026.zeabur.app/team/england,https://ay-worldcup2026.zeabur.app/team/england.json,67,group,Group L,L,New York/New Jersey Stadium,2026-06-27T21:00:00.000Z,2026-06-28,05:00,false,PAN,Panama,🇵🇦,panama,https://ay-worldcup2026.zeabur.app/match/67,https://ay-worldcup2026.zeabur.app/match/67/answer,https://ay-worldcup2026.zeabur.app/match/67/answer.json,https://ay-worldcup2026.zeabur.app/live-score/panama-england,https://ay-worldcup2026.zeabur.app/match/67.ics,https://ay-worldcup2026.zeabur.app/?match=67&oracle=1&utm_source=team_schedule_dataset&utm_medium=developer_referral&utm_campaign=wc26_team_schedule_dataset&utm_content=england_67
FRA,France,🇫🇷,france,https://ay-worldcup2026.zeabur.app/team/france,https://ay-worldcup2026.zeabur.app/team/france.json,17,group,Group I,I,New York/New Jersey Stadium,2026-06-16T19:00:00.000Z,2026-06-17,03:00,true,SEN,Senegal,🇸🇳,senegal,https://ay-worldcup2026.zeabur.app/match/17,https://ay-worldcup2026.zeabur.app/match/17/answer,https://ay-worldcup2026.zeabur.app/match/17/answer.json,https://ay-worldcup2026.zeabur.app/live-score/france-senegal,https://ay-worldcup2026.zeabur.app/match/17.ics,https://ay-worldcup2026.zeabur.app/?match=17&oracle=1&utm_source=team_schedule_dataset&utm_medium=developer_referral&utm_campaign=wc26_team_schedule_dataset&utm_content=france_17
FRA,France,🇫🇷,france,https://ay-worldcup2026.zeabur.app/team/france,https://ay-worldcup2026.zeabur.app/team/france.json,42,group,Group I,I,Philadelphia Stadium,2026-06-22T21:00:00.000Z,2026-06-23,05:00,true,IRQ,Iraq,🇮🇶,iraq,https://ay-worldcup2026.zeabur.app/match/42,https://ay-worldcup2026.zeabur.app/match/42/answer,https://ay-worldcup2026.zeabur.app/match/42/answer.json,https://ay-worldcup2026.zeabur.app/live-score/france-iraq,https://ay-worldcup2026.zeabur.app/match/42.ics,https://ay-worldcup2026.zeabur.app/?match=42&oracle=1&utm_source=team_schedule_dataset&utm_medium=developer_referral&utm_campaign=wc26_team_schedule_dataset&utm_content=france_42
FRA,France,🇫🇷,france,https://ay-worldcup2026.zeabur.app/team/france,https://ay-worldcup2026.zeabur.app/team/france.json,61,group,Group I,I,Boston Stadium,2026-06-26T19:00:00.000Z,2026-06-27,03:00,false,NOR,Norway,🇳🇴,norway,https://ay-worldcup2026.zeabur.app/match/61,https://ay-worldcup2026.zeabur.app/match/61/answer,https://ay-worldcup2026.zeabur.app/match/61/answer.json,https://ay-worldcup2026.zeabur.app/live-score/norway-france,https://ay-worldcup2026.zeabur.app/match/61.ics,https://ay-worldcup2026.zeabur.app/?match=61&oracle=1&utm_source=team_schedule_dataset&utm_medium=developer_referral&utm_campaign=wc26_team_schedule_dataset&utm_content=france_61
GER,Germany,🇩🇪,germany,https://ay-worldcup2026.zeabur.app/team/germany,https://ay-worldcup2026.zeabur.app/team/germany.json,10,group,Group E,E,Houston Stadium,2026-06-14T17:00:00.000Z,2026-06-15,01:00,true,CUW,Curaçao,🇨🇼,curacao,https://ay-worldcup2026.zeabur.app/match/10,https://ay-worldcup2026.zeabur.app/match/10/answer,https://ay-worldcup2026.zeabur.app/match/10/answer.json,https://ay-worldcup2026.zeabur.app/live-score/germany-curacao,https://ay-worldcup2026.zeabur.app/match/10.ics,https://ay-worldcup2026.zeabur.app/?match=10&oracle=1&utm_source=team_schedule_dataset&utm_medium=developer_referral&utm_campaign=wc26_team_schedule_dataset&utm_content=germany_10
GER,Germany,🇩🇪,germany,https://ay-worldcup2026.zeabur.app/team/germany,https://ay-worldcup2026.zeabur.app/team/germany.json,33,group,Group E,E,Toronto Stadium,2026-06-20T20:00:00.000Z,2026-06-21,04:00,true,CIV,Côte d’Ivoire,🇨🇮,cote-d-ivoire,https://ay-worldcup2026.zeabur.app/match/33,https://ay-worldcup2026.zeabur.app/match/33/answer,https://ay-worldcup2026.zeabur.app/match/33/answer.json,https://ay-worldcup2026.zeabur.app/live-score/germany-cote-d-ivoire,https://ay-worldcup2026.zeabur.app/match/33.ics,https://ay-worldcup2026.zeabur.app/?match=33&oracle=1&utm_source=team_schedule_dataset&utm_medium=developer_referral&utm_campaign=wc26_team_schedule_dataset&utm_content=germany_33
GER,Germany,🇩🇪,germany,https://ay-worldcup2026.zeabur.app/team/germany,https://ay-worldcup2026.zeabur.app/team/germany.json,56,group,Group E,E,New York/New Jersey Stadium,2026-06-25T20:00:00.000Z,2026-06-26,04:00,false,ECU,Ecuador,🇪🇨,ecuador,https://ay-worldcup2026.zeabur.app/match/56,https://ay-worldcup2026.zeabur.app/match/56/answer,https://ay-worldcup2026.zeabur.app/match/56/answer.json,https://ay-worldcup2026.zeabur.app/live-score/ecuador-germany,https://ay-worldcup2026.zeabur.app/match/56.ics,https://ay-worldcup2026.zeabur.app/?match=56&oracle=1&utm_source=team_schedule_dataset&utm_medium=developer_referral&utm_campaign=wc26_team_schedule_dataset&utm_content=germany_56
GHA,Ghana,🇬🇭,ghana,https://ay-worldcup2026.zeabur.app/team/ghana,https://ay-worldcup2026.zeabur.app/team/ghana.json,21,group,Group L,L,Toronto Stadium,2026-06-17T23:00:00.000Z,2026-06-18,07:00,true,PAN,Panama,🇵🇦,panama,https://ay-worldcup2026.zeabur.app/match/21,https://ay-worldcup2026.zeabur.app/match/21/answer,https://ay-worldcup2026.zeabur.app/match/21/answer.json,https://ay-worldcup2026.zeabur.app/live-score/ghana-panama,https://ay-worldcup2026.zeabur.app/match/21.ics,https://ay-worldcup2026.zeabur.app/?match=21&oracle=1&utm_source=team_schedule_dataset&utm_medium=developer_referral&utm_campaign=wc26_team_schedule_dataset&utm_content=ghana_21
GHA,Ghana,🇬🇭,ghana,https://ay-worldcup2026.zeabur.app/team/ghana,https://ay-worldcup2026.zeabur.app/team/ghana.json,45,group,Group L,L,Boston Stadium,2026-06-23T20:00:00.000Z,2026-06-24,04:00,false,ENG,England,🏴󠁧󠁢󠁥󠁮󠁧󠁿,england,https://ay-worldcup2026.zeabur.app/match/45,https://ay-worldcup2026.zeabur.app/match/45/answer,https://ay-worldcup2026.zeabur.app/match/45/answer.json,https://ay-worldcup2026.zeabur.app/live-score/england-ghana,https://ay-worldcup2026.zeabur.app/match/45.ics,https://ay-worldcup2026.zeabur.app/?match=45&oracle=1&utm_source=team_schedule_dataset&utm_medium=developer_referral&utm_campaign=wc26_team_schedule_dataset&utm_content=ghana_45
GHA,Ghana,🇬🇭,ghana,https://ay-worldcup2026.zeabur.app/team/ghana,https://ay-worldcup2026.zeabur.app/team/ghana.json,68,group,Group L,L,Philadelphia Stadium,2026-06-27T21:00:00.000Z,2026-06-28,05:00,false,CRO,Croatia,🇭🇷,croatia,https://ay-worldcup2026.zeabur.app/match/68,https://ay-worldcup2026.zeabur.app/match/68/answer,https://ay-worldcup2026.zeabur.app/match/68/answer.json,https://ay-worldcup2026.zeabur.app/live-score/croatia-ghana,https://ay-worldcup2026.zeabur.app/match/68.ics,https://ay-worldcup2026.zeabur.app/?match=68&oracle=1&utm_source=team_schedule_dataset&utm_medium=developer_referral&utm_campaign=wc26_team_schedule_dataset&utm_content=ghana_68
HAI,Haiti,🇭🇹,haiti,https://ay-worldcup2026.zeabur.app/team/haiti,https://ay-worldcup2026.zeabur.app/team/haiti.json,5,group,Group C,C,Boston Stadium,2026-06-14T01:00:00.000Z,2026-06-14,09:00,true,SCO,Scotland,🏴󠁧󠁢󠁳󠁣󠁴󠁿,scotland,https://ay-worldcup2026.zeabur.app/match/5,https://ay-worldcup2026.zeabur.app/match/5/answer,https://ay-worldcup2026.zeabur.app/match/5/answer.json,https://ay-worldcup2026.zeabur.app/live-score/haiti-scotland,https://ay-worldcup2026.zeabur.app/match/5.ics,https://ay-worldcup2026.zeabur.app/?match=5&oracle=1&utm_source=team_schedule_dataset&utm_medium=developer_referral&utm_campaign=wc26_team_schedule_dataset&utm_content=haiti_5
HAI,Haiti,🇭🇹,haiti,https://ay-worldcup2026.zeabur.app/team/haiti,https://ay-worldcup2026.zeabur.app/team/haiti.json,29,group,Group C,C,Philadelphia Stadium,2026-06-20T00:30:00.000Z,2026-06-20,08:30,false,BRA,Brazil,🇧🇷,brazil,https://ay-worldcup2026.zeabur.app/match/29,https://ay-worldcup2026.zeabur.app/match/29/answer,https://ay-worldcup2026.zeabur.app/match/29/answer.json,https://ay-worldcup2026.zeabur.app/live-score/brazil-haiti,https://ay-worldcup2026.zeabur.app/match/29.ics,https://ay-worldcup2026.zeabur.app/?match=29&oracle=1&utm_source=team_schedule_dataset&utm_medium=developer_referral&utm_campaign=wc26_team_schedule_dataset&utm_content=haiti_29
HAI,Haiti,🇭🇹,haiti,https://ay-worldcup2026.zeabur.app/team/haiti,https://ay-worldcup2026.zeabur.app/team/haiti.json,50,group,Group C,C,Atlanta Stadium,2026-06-24T22:00:00.000Z,2026-06-25,06:00,false,MAR,Morocco,🇲🇦,morocco,https://ay-worldcup2026.zeabur.app/match/50,https://ay-worldcup2026.zeabur.app/match/50/answer,https://ay-worldcup2026.zeabur.app/match/50/answer.json,https://ay-worldcup2026.zeabur.app/live-score/morocco-haiti,https://ay-worldcup2026.zeabur.app/match/50.ics,https://ay-worldcup2026.zeabur.app/?match=50&oracle=1&utm_source=team_schedule_dataset&utm_medium=developer_referral&utm_campaign=wc26_team_schedule_dataset&utm_content=haiti_50
IRN,Iran,🇮🇷,iran,https://ay-worldcup2026.zeabur.app/team/iran,https://ay-worldcup2026.zeabur.app/team/iran.json,15,group,Group G,G,Los Angeles Stadium,2026-06-16T01:00:00.000Z,2026-06-16,09:00,true,NZL,New Zealand,🇳🇿,new-zealand,https://ay-worldcup2026.zeabur.app/match/15,https://ay-worldcup2026.zeabur.app/match/15/answer,https://ay-worldcup2026.zeabur.app/match/15/answer.json,https://ay-worldcup2026.zeabur.app/live-score/iran-new-zealand,https://ay-worldcup2026.zeabur.app/match/15.ics,https://ay-worldcup2026.zeabur.app/?match=15&oracle=1&utm_source=team_schedule_dataset&utm_medium=developer_referral&utm_campaign=wc26_team_schedule_dataset&utm_content=iran_15
IRN,Iran,🇮🇷,iran,https://ay-worldcup2026.zeabur.app/team/iran,https://ay-worldcup2026.zeabur.app/team/iran.json,39,group,Group G,G,Los Angeles Stadium,2026-06-21T19:00:00.000Z,2026-06-22,03:00,false,BEL,Belgium,🇧🇪,belgium,https://ay-worldcup2026.zeabur.app/match/39,https://ay-worldcup2026.zeabur.app/match/39/answer,https://ay-worldcup2026.zeabur.app/match/39/answer.json,https://ay-worldcup2026.zeabur.app/live-score/belgium-iran,https://ay-worldcup2026.zeabur.app/match/39.ics,https://ay-worldcup2026.zeabur.app/?match=39&oracle=1&utm_source=team_schedule_dataset&utm_medium=developer_referral&utm_campaign=wc26_team_schedule_dataset&utm_content=iran_39
IRN,Iran,🇮🇷,iran,https://ay-worldcup2026.zeabur.app/team/iran,https://ay-worldcup2026.zeabur.app/team/iran.json,63,group,Group G,G,Seattle Stadium,2026-06-27T03:00:00.000Z,2026-06-27,11:00,false,EGY,Egypt,🇪🇬,egypt,https://ay-worldcup2026.zeabur.app/match/63,https://ay-worldcup2026.zeabur.app/match/63/answer,https://ay-worldcup2026.zeabur.app/match/63/answer.json,https://ay-worldcup2026.zeabur.app/live-score/egypt-iran,https://ay-worldcup2026.zeabur.app/match/63.ics,https://ay-worldcup2026.zeabur.app/?match=63&oracle=1&utm_source=team_schedule_dataset&utm_medium=developer_referral&utm_campaign=wc26_team_schedule_dataset&utm_content=iran_63
IRQ,Iraq,🇮🇶,iraq,https://ay-worldcup2026.zeabur.app/team/iraq,https://ay-worldcup2026.zeabur.app/team/iraq.json,18,group,Group I,I,Boston Stadium,2026-06-16T22:00:00.000Z,2026-06-17,06:00,true,NOR,Norway,🇳🇴,norway,https://ay-worldcup2026.zeabur.app/match/18,https://ay-worldcup2026.zeabur.app/match/18/answer,https://ay-worldcup2026.zeabur.app/match/18/answer.json,https://ay-worldcup2026.zeabur.app/live-score/iraq-norway,https://ay-worldcup2026.zeabur.app/match/18.ics,https://ay-worldcup2026.zeabur.app/?match=18&oracle=1&utm_source=team_schedule_dataset&utm_medium=developer_referral&utm_campaign=wc26_team_schedule_dataset&utm_content=iraq_18
IRQ,Iraq,🇮🇶,iraq,https://ay-worldcup2026.zeabur.app/team/iraq,https://ay-worldcup2026.zeabur.app/team/iraq.json,42,group,Group I,I,Philadelphia Stadium,2026-06-22T21:00:00.000Z,2026-06-23,05:00,false,FRA,France,🇫🇷,france,https://ay-worldcup2026.zeabur.app/match/42,https://ay-worldcup2026.zeabur.app/match/42/answer,https://ay-worldcup2026.zeabur.app/match/42/answer.json,https://ay-worldcup2026.zeabur.app/live-score/france-iraq,https://ay-worldcup2026.zeabur.app/match/42.ics,https://ay-worldcup2026.zeabur.app/?match=42&oracle=1&utm_source=team_schedule_dataset&utm_medium=developer_referral&utm_campaign=wc26_team_schedule_dataset&utm_content=iraq_42
IRQ,Iraq,🇮🇶,iraq,https://ay-worldcup2026.zeabur.app/team/iraq,https://ay-worldcup2026.zeabur.app/team/iraq.json,62,group,Group I,I,Toronto Stadium,2026-06-26T19:00:00.000Z,2026-06-27,03:00,false,SEN,Senegal,🇸🇳,senegal,https://ay-worldcup2026.zeabur.app/match/62,https://ay-worldcup2026.zeabur.app/match/62/answer,https://ay-worldcup2026.zeabur.app/match/62/answer.json,https://ay-worldcup2026.zeabur.app/live-score/senegal-iraq,https://ay-worldcup2026.zeabur.app/match/62.ics,https://ay-worldcup2026.zeabur.app/?match=62&oracle=1&utm_source=team_schedule_dataset&utm_medium=developer_referral&utm_campaign=wc26_team_schedule_dataset&utm_content=iraq_62
JPN,Japan,🇯🇵,japan,https://ay-worldcup2026.zeabur.app/team/japan,https://ay-worldcup2026.zeabur.app/team/japan.json,11,group,Group F,F,Dallas Stadium,2026-06-14T20:00:00.000Z,2026-06-15,04:00,false,NED,Netherlands,🇳🇱,netherlands,https://ay-worldcup2026.zeabur.app/match/11,https://ay-worldcup2026.zeabur.app/match/11/answer,https://ay-worldcup2026.zeabur.app/match/11/answer.json,https://ay-worldcup2026.zeabur.app/live-score/netherlands-japan,https://ay-worldcup2026.zeabur.app/match/11.ics,https://ay-worldcup2026.zeabur.app/?match=11&oracle=1&utm_source=team_schedule_dataset&utm_medium=developer_referral&utm_campaign=wc26_team_schedule_dataset&utm_content=japan_11
JPN,Japan,🇯🇵,japan,https://ay-worldcup2026.zeabur.app/team/japan,https://ay-worldcup2026.zeabur.app/team/japan.json,36,group,Group F,F,Monterrey Stadium,2026-06-21T04:00:00.000Z,2026-06-21,12:00,false,TUN,Tunisia,🇹🇳,tunisia,https://ay-worldcup2026.zeabur.app/match/36,https://ay-worldcup2026.zeabur.app/match/36/answer,https://ay-worldcup2026.zeabur.app/match/36/answer.json,https://ay-worldcup2026.zeabur.app/live-score/tunisia-japan,https://ay-worldcup2026.zeabur.app/match/36.ics,https://ay-worldcup2026.zeabur.app/?match=36&oracle=1&utm_source=team_schedule_dataset&utm_medium=developer_referral&utm_campaign=wc26_team_schedule_dataset&utm_content=japan_36
JPN,Japan,🇯🇵,japan,https://ay-worldcup2026.zeabur.app/team/japan,https://ay-worldcup2026.zeabur.app/team/japan.json,57,group,Group F,F,Dallas Stadium,2026-06-25T23:00:00.000Z,2026-06-26,07:00,true,SWE,Sweden,🇸🇪,sweden,https://ay-worldcup2026.zeabur.app/match/57,https://ay-worldcup2026.zeabur.app/match/57/answer,https://ay-worldcup2026.zeabur.app/match/57/answer.json,https://ay-worldcup2026.zeabur.app/live-score/japan-sweden,https://ay-worldcup2026.zeabur.app/match/57.ics,https://ay-worldcup2026.zeabur.app/?match=57&oracle=1&utm_source=team_schedule_dataset&utm_medium=developer_referral&utm_campaign=wc26_team_schedule_dataset&utm_content=japan_57
JOR,Jordan,🇯🇴,jordan,https://ay-worldcup2026.zeabur.app/team/jordan,https://ay-worldcup2026.zeabur.app/team/jordan.json,20,group,Group J,J,San Francisco Bay Area Stadium,2026-06-17T04:00:00.000Z,2026-06-17,12:00,false,AUT,Austria,🇦🇹,austria,https://ay-worldcup2026.zeabur.app/match/20,https://ay-worldcup2026.zeabur.app/match/20/answer,https://ay-worldcup2026.zeabur.app/match/20/answer.json,https://ay-worldcup2026.zeabur.app/live-score/austria-jordan,https://ay-worldcup2026.zeabur.app/match/20.ics,https://ay-worldcup2026.zeabur.app/?match=20&oracle=1&utm_source=team_schedule_dataset&utm_medium=developer_referral&utm_campaign=wc26_team_schedule_dataset&utm_content=jordan_20
JOR,Jordan,🇯🇴,jordan,https://ay-worldcup2026.zeabur.app/team/jordan,https://ay-worldcup2026.zeabur.app/team/jordan.json,44,group,Group J,J,San Francisco Bay Area Stadium,2026-06-23T03:00:00.000Z,2026-06-23,11:00,true,ALG,Algeria,🇩🇿,algeria,https://ay-worldcup2026.zeabur.app/match/44,https://ay-worldcup2026.zeabur.app/match/44/answer,https://ay-worldcup2026.zeabur.app/match/44/answer.json,https://ay-worldcup2026.zeabur.app/live-score/jordan-algeria,https://ay-worldcup2026.zeabur.app/match/44.ics,https://ay-worldcup2026.zeabur.app/?match=44&oracle=1&utm_source=team_schedule_dataset&utm_medium=developer_referral&utm_campaign=wc26_team_schedule_dataset&utm_content=jordan_44
JOR,Jordan,🇯🇴,jordan,https://ay-worldcup2026.zeabur.app/team/jordan,https://ay-worldcup2026.zeabur.app/team/jordan.json,70,group,Group J,J,Dallas Stadium,2026-06-28T02:00:00.000Z,2026-06-28,10:00,true,ARG,Argentina,🇦🇷,argentina,https://ay-worldcup2026.zeabur.app/match/70,https://ay-worldcup2026.zeabur.app/match/70/answer,https://ay-worldcup2026.zeabur.app/match/70/answer.json,https://ay-worldcup2026.zeabur.app/live-score/jordan-argentina,https://ay-worldcup2026.zeabur.app/match/70.ics,https://ay-worldcup2026.zeabur.app/?match=70&oracle=1&utm_source=team_schedule_dataset&utm_medium=developer_referral&utm_campaign=wc26_team_schedule_dataset&utm_content=jordan_70
MEX,Mexico,🇲🇽,mexico,https://ay-worldcup2026.zeabur.app/team/mexico,https://ay-worldcup2026.zeabur.app/team/mexico.json,1,group,Group A,A,Mexico City Stadium,2026-06-11T19:00:00.000Z,2026-06-12,03:00,true,RSA,South Africa,🇿🇦,south-africa,https://ay-worldcup2026.zeabur.app/match/1,https://ay-worldcup2026.zeabur.app/match/1/answer,https://ay-worldcup2026.zeabur.app/match/1/answer.json,https://ay-worldcup2026.zeabur.app/live-score/mexico-south-africa,https://ay-worldcup2026.zeabur.app/match/1.ics,https://ay-worldcup2026.zeabur.app/?match=1&oracle=1&utm_source=team_schedule_dataset&utm_medium=developer_referral&utm_campaign=wc26_team_schedule_dataset&utm_content=mexico_1
MEX,Mexico,🇲🇽,mexico,https://ay-worldcup2026.zeabur.app/team/mexico,https://ay-worldcup2026.zeabur.app/team/mexico.json,28,group,Group A,A,Guadalajara Stadium,2026-06-19T01:00:00.000Z,2026-06-19,09:00,true,KOR,South Korea,🇰🇷,south-korea,https://ay-worldcup2026.zeabur.app/match/28,https://ay-worldcup2026.zeabur.app/match/28/answer,https://ay-worldcup2026.zeabur.app/match/28/answer.json,https://ay-worldcup2026.zeabur.app/live-score/mexico-south-korea,https://ay-worldcup2026.zeabur.app/match/28.ics,https://ay-worldcup2026.zeabur.app/?match=28&oracle=1&utm_source=team_schedule_dataset&utm_medium=developer_referral&utm_campaign=wc26_team_schedule_dataset&utm_content=mexico_28
MEX,Mexico,🇲🇽,mexico,https://ay-worldcup2026.zeabur.app/team/mexico,https://ay-worldcup2026.zeabur.app/team/mexico.json,53,group,Group A,A,Mexico City Stadium,2026-06-25T01:00:00.000Z,2026-06-25,09:00,false,CZE,Czechia,🇨🇿,czechia,https://ay-worldcup2026.zeabur.app/match/53,https://ay-worldcup2026.zeabur.app/match/53/answer,https://ay-worldcup2026.zeabur.app/match/53/answer.json,https://ay-worldcup2026.zeabur.app/live-score/czechia-mexico,https://ay-worldcup2026.zeabur.app/match/53.ics,https://ay-worldcup2026.zeabur.app/?match=53&oracle=1&utm_source=team_schedule_dataset&utm_medium=developer_referral&utm_campaign=wc26_team_schedule_dataset&utm_content=mexico_53
MAR,Morocco,🇲🇦,morocco,https://ay-worldcup2026.zeabur.app/team/morocco,https://ay-worldcup2026.zeabur.app/team/morocco.json,7,group,Group C,C,New York/New Jersey Stadium,2026-06-13T22:00:00.000Z,2026-06-14,06:00,false,BRA,Brazil,🇧🇷,brazil,https://ay-worldcup2026.zeabur.app/match/7,https://ay-worldcup2026.zeabur.app/match/7/answer,https://ay-worldcup2026.zeabur.app/match/7/answer.json,https://ay-worldcup2026.zeabur.app/live-score/brazil-morocco,https://ay-worldcup2026.zeabur.app/match/7.ics,https://ay-worldcup2026.zeabur.app/?match=7&oracle=1&utm_source=team_schedule_dataset&utm_medium=developer_referral&utm_campaign=wc26_team_schedule_dataset&utm_content=morocco_7
MAR,Morocco,🇲🇦,morocco,https://ay-worldcup2026.zeabur.app/team/morocco,https://ay-worldcup2026.zeabur.app/team/morocco.json,30,group,Group C,C,Boston Stadium,2026-06-19T22:00:00.000Z,2026-06-20,06:00,false,SCO,Scotland,🏴󠁧󠁢󠁳󠁣󠁴󠁿,scotland,https://ay-worldcup2026.zeabur.app/match/30,https://ay-worldcup2026.zeabur.app/match/30/answer,https://ay-worldcup2026.zeabur.app/match/30/answer.json,https://ay-worldcup2026.zeabur.app/live-score/scotland-morocco,https://ay-worldcup2026.zeabur.app/match/30.ics,https://ay-worldcup2026.zeabur.app/?match=30&oracle=1&utm_source=team_schedule_dataset&utm_medium=developer_referral&utm_campaign=wc26_team_schedule_dataset&utm_content=morocco_30
MAR,Morocco,🇲🇦,morocco,https://ay-worldcup2026.zeabur.app/team/morocco,https://ay-worldcup2026.zeabur.app/team/morocco.json,50,group,Group C,C,Atlanta Stadium,2026-06-24T22:00:00.000Z,2026-06-25,06:00,true,HAI,Haiti,🇭🇹,haiti,https://ay-worldcup2026.zeabur.app/match/50,https://ay-worldcup2026.zeabur.app/match/50/answer,https://ay-worldcup2026.zeabur.app/match/50/answer.json,https://ay-worldcup2026.zeabur.app/live-score/morocco-haiti,https://ay-worldcup2026.zeabur.app/match/50.ics,https://ay-worldcup2026.zeabur.app/?match=50&oracle=1&utm_source=team_schedule_dataset&utm_medium=developer_referral&utm_campaign=wc26_team_schedule_dataset&utm_content=morocco_50
NED,Netherlands,🇳🇱,netherlands,https://ay-worldcup2026.zeabur.app/team/netherlands,https://ay-worldcup2026.zeabur.app/team/netherlands.json,11,group,Group F,F,Dallas Stadium,2026-06-14T20:00:00.000Z,2026-06-15,04:00,true,JPN,Japan,🇯🇵,japan,https://ay-worldcup2026.zeabur.app/match/11,https://ay-worldcup2026.zeabur.app/match/11/answer,https://ay-worldcup2026.zeabur.app/match/11/answer.json,https://ay-worldcup2026.zeabur.app/live-score/netherlands-japan,https://ay-worldcup2026.zeabur.app/match/11.ics,https://ay-worldcup2026.zeabur.app/?match=11&oracle=1&utm_source=team_schedule_dataset&utm_medium=developer_referral&utm_campaign=wc26_team_schedule_dataset&utm_content=netherlands_11
NED,Netherlands,🇳🇱,netherlands,https://ay-worldcup2026.zeabur.app/team/netherlands,https://ay-worldcup2026.zeabur.app/team/netherlands.json,35,group,Group F,F,Houston Stadium,2026-06-20T17:00:00.000Z,2026-06-21,01:00,true,SWE,Sweden,🇸🇪,sweden,https://ay-worldcup2026.zeabur.app/match/35,https://ay-worldcup2026.zeabur.app/match/35/answer,https://ay-worldcup2026.zeabur.app/match/35/answer.json,https://ay-worldcup2026.zeabur.app/live-score/netherlands-sweden,https://ay-worldcup2026.zeabur.app/match/35.ics,https://ay-worldcup2026.zeabur.app/?match=35&oracle=1&utm_source=team_schedule_dataset&utm_medium=developer_referral&utm_campaign=wc26_team_schedule_dataset&utm_content=netherlands_35
NED,Netherlands,🇳🇱,netherlands,https://ay-worldcup2026.zeabur.app/team/netherlands,https://ay-worldcup2026.zeabur.app/team/netherlands.json,58,group,Group F,F,Kansas City Stadium,2026-06-25T23:00:00.000Z,2026-06-26,07:00,false,TUN,Tunisia,🇹🇳,tunisia,https://ay-worldcup2026.zeabur.app/match/58,https://ay-worldcup2026.zeabur.app/match/58/answer,https://ay-worldcup2026.zeabur.app/match/58/answer.json,https://ay-worldcup2026.zeabur.app/live-score/tunisia-netherlands,https://ay-worldcup2026.zeabur.app/match/58.ics,https://ay-worldcup2026.zeabur.app/?match=58&oracle=1&utm_source=team_schedule_dataset&utm_medium=developer_referral&utm_campaign=wc26_team_schedule_dataset&utm_content=netherlands_58
NZL,New Zealand,🇳🇿,new-zealand,https://ay-worldcup2026.zeabur.app/team/new-zealand,https://ay-worldcup2026.zeabur.app/team/new-zealand.json,15,group,Group G,G,Los Angeles Stadium,2026-06-16T01:00:00.000Z,2026-06-16,09:00,false,IRN,Iran,🇮🇷,iran,https://ay-worldcup2026.zeabur.app/match/15,https://ay-worldcup2026.zeabur.app/match/15/answer,https://ay-worldcup2026.zeabur.app/match/15/answer.json,https://ay-worldcup2026.zeabur.app/live-score/iran-new-zealand,https://ay-worldcup2026.zeabur.app/match/15.ics,https://ay-worldcup2026.zeabur.app/?match=15&oracle=1&utm_source=team_schedule_dataset&utm_medium=developer_referral&utm_campaign=wc26_team_schedule_dataset&utm_content=new-zealand_15
NZL,New Zealand,🇳🇿,new-zealand,https://ay-worldcup2026.zeabur.app/team/new-zealand,https://ay-worldcup2026.zeabur.app/team/new-zealand.json,40,group,Group G,G,BC Place Vancouver,2026-06-22T01:00:00.000Z,2026-06-22,09:00,true,EGY,Egypt,🇪🇬,egypt,https://ay-worldcup2026.zeabur.app/match/40,https://ay-worldcup2026.zeabur.app/match/40/answer,https://ay-worldcup2026.zeabur.app/match/40/answer.json,https://ay-worldcup2026.zeabur.app/live-score/new-zealand-egypt,https://ay-worldcup2026.zeabur.app/match/40.ics,https://ay-worldcup2026.zeabur.app/?match=40&oracle=1&utm_source=team_schedule_dataset&utm_medium=developer_referral&utm_campaign=wc26_team_schedule_dataset&utm_content=new-zealand_40
NZL,New Zealand,🇳🇿,new-zealand,https://ay-worldcup2026.zeabur.app/team/new-zealand,https://ay-worldcup2026.zeabur.app/team/new-zealand.json,64,group,Group G,G,BC Place Vancouver,2026-06-27T03:00:00.000Z,2026-06-27,11:00,true,BEL,Belgium,🇧🇪,belgium,https://ay-worldcup2026.zeabur.app/match/64,https://ay-worldcup2026.zeabur.app/match/64/answer,https://ay-worldcup2026.zeabur.app/match/64/answer.json,https://ay-worldcup2026.zeabur.app/live-score/new-zealand-belgium,https://ay-worldcup2026.zeabur.app/match/64.ics,https://ay-worldcup2026.zeabur.app/?match=64&oracle=1&utm_source=team_schedule_dataset&utm_medium=developer_referral&utm_campaign=wc26_team_schedule_dataset&utm_content=new-zealand_64
NOR,Norway,🇳🇴,norway,https://ay-worldcup2026.zeabur.app/team/norway,https://ay-worldcup2026.zeabur.app/team/norway.json,18,group,Group I,I,Boston Stadium,2026-06-16T22:00:00.000Z,2026-06-17,06:00,false,IRQ,Iraq,🇮🇶,iraq,https://ay-worldcup2026.zeabur.app/match/18,https://ay-worldcup2026.zeabur.app/match/18/answer,https://ay-worldcup2026.zeabur.app/match/18/answer.json,https://ay-worldcup2026.zeabur.app/live-score/iraq-norway,https://ay-worldcup2026.zeabur.app/match/18.ics,https://ay-worldcup2026.zeabur.app/?match=18&oracle=1&utm_source=team_schedule_dataset&utm_medium=developer_referral&utm_campaign=wc26_team_schedule_dataset&utm_content=norway_18
NOR,Norway,🇳🇴,norway,https://ay-worldcup2026.zeabur.app/team/norway,https://ay-worldcup2026.zeabur.app/team/norway.json,41,group,Group I,I,New York/New Jersey Stadium,2026-06-23T00:00:00.000Z,2026-06-23,08:00,true,SEN,Senegal,🇸🇳,senegal,https://ay-worldcup2026.zeabur.app/match/41,https://ay-worldcup2026.zeabur.app/match/41/answer,https://ay-worldcup2026.zeabur.app/match/41/answer.json,https://ay-worldcup2026.zeabur.app/live-score/norway-senegal,https://ay-worldcup2026.zeabur.app/match/41.ics,https://ay-worldcup2026.zeabur.app/?match=41&oracle=1&utm_source=team_schedule_dataset&utm_medium=developer_referral&utm_campaign=wc26_team_schedule_dataset&utm_content=norway_41
NOR,Norway,🇳🇴,norway,https://ay-worldcup2026.zeabur.app/team/norway,https://ay-worldcup2026.zeabur.app/team/norway.json,61,group,Group I,I,Boston Stadium,2026-06-26T19:00:00.000Z,2026-06-27,03:00,true,FRA,France,🇫🇷,france,https://ay-worldcup2026.zeabur.app/match/61,https://ay-worldcup2026.zeabur.app/match/61/answer,https://ay-worldcup2026.zeabur.app/match/61/answer.json,https://ay-worldcup2026.zeabur.app/live-score/norway-france,https://ay-worldcup2026.zeabur.app/match/61.ics,https://ay-worldcup2026.zeabur.app/?match=61&oracle=1&utm_source=team_schedule_dataset&utm_medium=developer_referral&utm_campaign=wc26_team_schedule_dataset&utm_content=norway_61
PAN,Panama,🇵🇦,panama,https://ay-worldcup2026.zeabur.app/team/panama,https://ay-worldcup2026.zeabur.app/team/panama.json,21,group,Group L,L,Toronto Stadium,2026-06-17T23:00:00.000Z,2026-06-18,07:00,false,GHA,Ghana,🇬🇭,ghana,https://ay-worldcup2026.zeabur.app/match/21,https://ay-worldcup2026.zeabur.app/match/21/answer,https://ay-worldcup2026.zeabur.app/match/21/answer.json,https://ay-worldcup2026.zeabur.app/live-score/ghana-panama,https://ay-worldcup2026.zeabur.app/match/21.ics,https://ay-worldcup2026.zeabur.app/?match=21&oracle=1&utm_source=team_schedule_dataset&utm_medium=developer_referral&utm_campaign=wc26_team_schedule_dataset&utm_content=panama_21
PAN,Panama,🇵🇦,panama,https://ay-worldcup2026.zeabur.app/team/panama,https://ay-worldcup2026.zeabur.app/team/panama.json,46,group,Group L,L,Toronto Stadium,2026-06-23T23:00:00.000Z,2026-06-24,07:00,true,CRO,Croatia,🇭🇷,croatia,https://ay-worldcup2026.zeabur.app/match/46,https://ay-worldcup2026.zeabur.app/match/46/answer,https://ay-worldcup2026.zeabur.app/match/46/answer.json,https://ay-worldcup2026.zeabur.app/live-score/panama-croatia,https://ay-worldcup2026.zeabur.app/match/46.ics,https://ay-worldcup2026.zeabur.app/?match=46&oracle=1&utm_source=team_schedule_dataset&utm_medium=developer_referral&utm_campaign=wc26_team_schedule_dataset&utm_content=panama_46
PAN,Panama,🇵🇦,panama,https://ay-worldcup2026.zeabur.app/team/panama,https://ay-worldcup2026.zeabur.app/team/panama.json,67,group,Group L,L,New York/New Jersey Stadium,2026-06-27T21:00:00.000Z,2026-06-28,05:00,true,ENG,England,🏴󠁧󠁢󠁥󠁮󠁧󠁿,england,https://ay-worldcup2026.zeabur.app/match/67,https://ay-worldcup2026.zeabur.app/match/67/answer,https://ay-worldcup2026.zeabur.app/match/67/answer.json,https://ay-worldcup2026.zeabur.app/live-score/panama-england,https://ay-worldcup2026.zeabur.app/match/67.ics,https://ay-worldcup2026.zeabur.app/?match=67&oracle=1&utm_source=team_schedule_dataset&utm_medium=developer_referral&utm_campaign=wc26_team_schedule_dataset&utm_content=panama_67
PAR,Paraguay,🇵🇾,paraguay,https://ay-worldcup2026.zeabur.app/team/paraguay,https://ay-worldcup2026.zeabur.app/team/paraguay.json,4,group,Group D,D,Los Angeles Stadium,2026-06-13T01:00:00.000Z,2026-06-13,09:00,false,USA,United States,🇺🇸,usa,https://ay-worldcup2026.zeabur.app/match/4,https://ay-worldcup2026.zeabur.app/match/4/answer,https://ay-worldcup2026.zeabur.app/match/4/answer.json,https://ay-worldcup2026.zeabur.app/live-score/usa-paraguay,https://ay-worldcup2026.zeabur.app/match/4.ics,https://ay-worldcup2026.zeabur.app/?match=4&oracle=1&utm_source=team_schedule_dataset&utm_medium=developer_referral&utm_campaign=wc26_team_schedule_dataset&utm_content=paraguay_4
PAR,Paraguay,🇵🇾,paraguay,https://ay-worldcup2026.zeabur.app/team/paraguay,https://ay-worldcup2026.zeabur.app/team/paraguay.json,31,group,Group D,D,San Francisco Bay Area Stadium,2026-06-20T03:00:00.000Z,2026-06-20,11:00,false,TUR,Türkiye,🇹🇷,turkiye,https://ay-worldcup2026.zeabur.app/match/31,https://ay-worldcup2026.zeabur.app/match/31/answer,https://ay-worldcup2026.zeabur.app/match/31/answer.json,https://ay-worldcup2026.zeabur.app/live-score/turkiye-paraguay,https://ay-worldcup2026.zeabur.app/match/31.ics,https://ay-worldcup2026.zeabur.app/?match=31&oracle=1&utm_source=team_schedule_dataset&utm_medium=developer_referral&utm_campaign=wc26_team_schedule_dataset&utm_content=paraguay_31
PAR,Paraguay,🇵🇾,paraguay,https://ay-worldcup2026.zeabur.app/team/paraguay,https://ay-worldcup2026.zeabur.app/team/paraguay.json,60,group,Group D,D,San Francisco Bay Area Stadium,2026-06-26T02:00:00.000Z,2026-06-26,10:00,true,AUS,Australia,🇦🇺,australia,https://ay-worldcup2026.zeabur.app/match/60,https://ay-worldcup2026.zeabur.app/match/60/answer,https://ay-worldcup2026.zeabur.app/match/60/answer.json,https://ay-worldcup2026.zeabur.app/live-score/paraguay-australia,https://ay-worldcup2026.zeabur.app/match/60.ics,https://ay-worldcup2026.zeabur.app/?match=60&oracle=1&utm_source=team_schedule_dataset&utm_medium=developer_referral&utm_campaign=wc26_team_schedule_dataset&utm_content=paraguay_60
POR,Portugal,🇵🇹,portugal,https://ay-worldcup2026.zeabur.app/team/portugal,https://ay-worldcup2026.zeabur.app/team/portugal.json,23,group,Group K,K,Houston Stadium,2026-06-17T17:00:00.000Z,2026-06-18,01:00,true,COD,Congo - Kinshasa,🇨🇩,congo-kinshasa,https://ay-worldcup2026.zeabur.app/match/23,https://ay-worldcup2026.zeabur.app/match/23/answer,https://ay-worldcup2026.zeabur.app/match/23/answer.json,https://ay-worldcup2026.zeabur.app/live-score/portugal-congo-kinshasa,https://ay-worldcup2026.zeabur.app/match/23.ics,https://ay-worldcup2026.zeabur.app/?match=23&oracle=1&utm_source=team_schedule_dataset&utm_medium=developer_referral&utm_campaign=wc26_team_schedule_dataset&utm_content=portugal_23
POR,Portugal,🇵🇹,portugal,https://ay-worldcup2026.zeabur.app/team/portugal,https://ay-worldcup2026.zeabur.app/team/portugal.json,47,group,Group K,K,Houston Stadium,2026-06-23T17:00:00.000Z,2026-06-24,01:00,true,UZB,Uzbekistan,🇺🇿,uzbekistan,https://ay-worldcup2026.zeabur.app/match/47,https://ay-worldcup2026.zeabur.app/match/47/answer,https://ay-worldcup2026.zeabur.app/match/47/answer.json,https://ay-worldcup2026.zeabur.app/live-score/portugal-uzbekistan,https://ay-worldcup2026.zeabur.app/match/47.ics,https://ay-worldcup2026.zeabur.app/?match=47&oracle=1&utm_source=team_schedule_dataset&utm_medium=developer_referral&utm_campaign=wc26_team_schedule_dataset&utm_content=portugal_47
POR,Portugal,🇵🇹,portugal,https://ay-worldcup2026.zeabur.app/team/portugal,https://ay-worldcup2026.zeabur.app/team/portugal.json,71,group,Group K,K,Miami Stadium,2026-06-27T23:30:00.000Z,2026-06-28,07:30,false,COL,Colombia,🇨🇴,colombia,https://ay-worldcup2026.zeabur.app/match/71,https://ay-worldcup2026.zeabur.app/match/71/answer,https://ay-worldcup2026.zeabur.app/match/71/answer.json,https://ay-worldcup2026.zeabur.app/live-score/colombia-portugal,https://ay-worldcup2026.zeabur.app/match/71.ics,https://ay-worldcup2026.zeabur.app/?match=71&oracle=1&utm_source=team_schedule_dataset&utm_medium=developer_referral&utm_campaign=wc26_team_schedule_dataset&utm_content=portugal_71
QAT,Qatar,🇶🇦,qatar,https://ay-worldcup2026.zeabur.app/team/qatar,https://ay-worldcup2026.zeabur.app/team/qatar.json,8,group,Group B,B,San Francisco Bay Area Stadium,2026-06-13T19:00:00.000Z,2026-06-14,03:00,true,SUI,Switzerland,🇨🇭,switzerland,https://ay-worldcup2026.zeabur.app/match/8,https://ay-worldcup2026.zeabur.app/match/8/answer,https://ay-worldcup2026.zeabur.app/match/8/answer.json,https://ay-worldcup2026.zeabur.app/live-score/qatar-switzerland,https://ay-worldcup2026.zeabur.app/match/8.ics,https://ay-worldcup2026.zeabur.app/?match=8&oracle=1&utm_source=team_schedule_dataset&utm_medium=developer_referral&utm_campaign=wc26_team_schedule_dataset&utm_content=qatar_8
QAT,Qatar,🇶🇦,qatar,https://ay-worldcup2026.zeabur.app/team/qatar,https://ay-worldcup2026.zeabur.app/team/qatar.json,27,group,Group B,B,BC Place Vancouver,2026-06-18T22:00:00.000Z,2026-06-19,06:00,false,CAN,Canada,🇨🇦,canada,https://ay-worldcup2026.zeabur.app/match/27,https://ay-worldcup2026.zeabur.app/match/27/answer,https://ay-worldcup2026.zeabur.app/match/27/answer.json,https://ay-worldcup2026.zeabur.app/live-score/canada-qatar,https://ay-worldcup2026.zeabur.app/match/27.ics,https://ay-worldcup2026.zeabur.app/?match=27&oracle=1&utm_source=team_schedule_dataset&utm_medium=developer_referral&utm_campaign=wc26_team_schedule_dataset&utm_content=qatar_27
QAT,Qatar,🇶🇦,qatar,https://ay-worldcup2026.zeabur.app/team/qatar,https://ay-worldcup2026.zeabur.app/team/qatar.json,52,group,Group B,B,Seattle Stadium,2026-06-24T19:00:00.000Z,2026-06-25,03:00,false,BIH,Bosnia & Herzegovina,🇧🇦,bosnia-and-herzegovina,https://ay-worldcup2026.zeabur.app/match/52,https://ay-worldcup2026.zeabur.app/match/52/answer,https://ay-worldcup2026.zeabur.app/match/52/answer.json,https://ay-worldcup2026.zeabur.app/live-score/bosnia-and-herzegovina-qatar,https://ay-worldcup2026.zeabur.app/match/52.ics,https://ay-worldcup2026.zeabur.app/?match=52&oracle=1&utm_source=team_schedule_dataset&utm_medium=developer_referral&utm_campaign=wc26_team_schedule_dataset&utm_content=qatar_52
KSA,Saudi Arabia,🇸🇦,saudi-arabia,https://ay-worldcup2026.zeabur.app/team/saudi-arabia,https://ay-worldcup2026.zeabur.app/team/saudi-arabia.json,13,group,Group H,H,Miami Stadium,2026-06-15T22:00:00.000Z,2026-06-16,06:00,true,URU,Uruguay,🇺🇾,uruguay,https://ay-worldcup2026.zeabur.app/match/13,https://ay-worldcup2026.zeabur.app/match/13/answer,https://ay-worldcup2026.zeabur.app/match/13/answer.json,https://ay-worldcup2026.zeabur.app/live-score/saudi-arabia-uruguay,https://ay-worldcup2026.zeabur.app/match/13.ics,https://ay-worldcup2026.zeabur.app/?match=13&oracle=1&utm_source=team_schedule_dataset&utm_medium=developer_referral&utm_campaign=wc26_team_schedule_dataset&utm_content=saudi-arabia_13
KSA,Saudi Arabia,🇸🇦,saudi-arabia,https://ay-worldcup2026.zeabur.app/team/saudi-arabia,https://ay-worldcup2026.zeabur.app/team/saudi-arabia.json,38,group,Group H,H,Atlanta Stadium,2026-06-21T16:00:00.000Z,2026-06-22,00:00,false,ESP,Spain,🇪🇸,spain,https://ay-worldcup2026.zeabur.app/match/38,https://ay-worldcup2026.zeabur.app/match/38/answer,https://ay-worldcup2026.zeabur.app/match/38/answer.json,https://ay-worldcup2026.zeabur.app/live-score/spain-saudi-arabia,https://ay-worldcup2026.zeabur.app/match/38.ics,https://ay-worldcup2026.zeabur.app/?match=38&oracle=1&utm_source=team_schedule_dataset&utm_medium=developer_referral&utm_campaign=wc26_team_schedule_dataset&utm_content=saudi-arabia_38
KSA,Saudi Arabia,🇸🇦,saudi-arabia,https://ay-worldcup2026.zeabur.app/team/saudi-arabia,https://ay-worldcup2026.zeabur.app/team/saudi-arabia.json,65,group,Group H,H,Houston Stadium,2026-06-27T00:00:00.000Z,2026-06-27,08:00,false,CPV,Cape Verde,🇨🇻,cape-verde,https://ay-worldcup2026.zeabur.app/match/65,https://ay-worldcup2026.zeabur.app/match/65/answer,https://ay-worldcup2026.zeabur.app/match/65/answer.json,https://ay-worldcup2026.zeabur.app/live-score/cape-verde-saudi-arabia,https://ay-worldcup2026.zeabur.app/match/65.ics,https://ay-worldcup2026.zeabur.app/?match=65&oracle=1&utm_source=team_schedule_dataset&utm_medium=developer_referral&utm_campaign=wc26_team_schedule_dataset&utm_content=saudi-arabia_65
SCO,Scotland,🏴󠁧󠁢󠁳󠁣󠁴󠁿,scotland,https://ay-worldcup2026.zeabur.app/team/scotland,https://ay-worldcup2026.zeabur.app/team/scotland.json,5,group,Group C,C,Boston Stadium,2026-06-14T01:00:00.000Z,2026-06-14,09:00,false,HAI,Haiti,🇭🇹,haiti,https://ay-worldcup2026.zeabur.app/match/5,https://ay-worldcup2026.zeabur.app/match/5/answer,https://ay-worldcup2026.zeabur.app/match/5/answer.json,https://ay-worldcup2026.zeabur.app/live-score/haiti-scotland,https://ay-worldcup2026.zeabur.app/match/5.ics,https://ay-worldcup2026.zeabur.app/?match=5&oracle=1&utm_source=team_schedule_dataset&utm_medium=developer_referral&utm_campaign=wc26_team_schedule_dataset&utm_content=scotland_5
SCO,Scotland,🏴󠁧󠁢󠁳󠁣󠁴󠁿,scotland,https://ay-worldcup2026.zeabur.app/team/scotland,https://ay-worldcup2026.zeabur.app/team/scotland.json,30,group,Group C,C,Boston Stadium,2026-06-19T22:00:00.000Z,2026-06-20,06:00,true,MAR,Morocco,🇲🇦,morocco,https://ay-worldcup2026.zeabur.app/match/30,https://ay-worldcup2026.zeabur.app/match/30/answer,https://ay-worldcup2026.zeabur.app/match/30/answer.json,https://ay-worldcup2026.zeabur.app/live-score/scotland-morocco,https://ay-worldcup2026.zeabur.app/match/30.ics,https://ay-worldcup2026.zeabur.app/?match=30&oracle=1&utm_source=team_schedule_dataset&utm_medium=developer_referral&utm_campaign=wc26_team_schedule_dataset&utm_content=scotland_30
SCO,Scotland,🏴󠁧󠁢󠁳󠁣󠁴󠁿,scotland,https://ay-worldcup2026.zeabur.app/team/scotland,https://ay-worldcup2026.zeabur.app/team/scotland.json,49,group,Group C,C,Miami Stadium,2026-06-24T22:00:00.000Z,2026-06-25,06:00,true,BRA,Brazil,🇧🇷,brazil,https://ay-worldcup2026.zeabur.app/match/49,https://ay-worldcup2026.zeabur.app/match/49/answer,https://ay-worldcup2026.zeabur.app/match/49/answer.json,https://ay-worldcup2026.zeabur.app/live-score/scotland-brazil,https://ay-worldcup2026.zeabur.app/match/49.ics,https://ay-worldcup2026.zeabur.app/?match=49&oracle=1&utm_source=team_schedule_dataset&utm_medium=developer_referral&utm_campaign=wc26_team_schedule_dataset&utm_content=scotland_49
SEN,Senegal,🇸🇳,senegal,https://ay-worldcup2026.zeabur.app/team/senegal,https://ay-worldcup2026.zeabur.app/team/senegal.json,17,group,Group I,I,New York/New Jersey Stadium,2026-06-16T19:00:00.000Z,2026-06-17,03:00,false,FRA,France,🇫🇷,france,https://ay-worldcup2026.zeabur.app/match/17,https://ay-worldcup2026.zeabur.app/match/17/answer,https://ay-worldcup2026.zeabur.app/match/17/answer.json,https://ay-worldcup2026.zeabur.app/live-score/france-senegal,https://ay-worldcup2026.zeabur.app/match/17.ics,https://ay-worldcup2026.zeabur.app/?match=17&oracle=1&utm_source=team_schedule_dataset&utm_medium=developer_referral&utm_campaign=wc26_team_schedule_dataset&utm_content=senegal_17
SEN,Senegal,🇸🇳,senegal,https://ay-worldcup2026.zeabur.app/team/senegal,https://ay-worldcup2026.zeabur.app/team/senegal.json,41,group,Group I,I,New York/New Jersey Stadium,2026-06-23T00:00:00.000Z,2026-06-23,08:00,false,NOR,Norway,🇳🇴,norway,https://ay-worldcup2026.zeabur.app/match/41,https://ay-worldcup2026.zeabur.app/match/41/answer,https://ay-worldcup2026.zeabur.app/match/41/answer.json,https://ay-worldcup2026.zeabur.app/live-score/norway-senegal,https://ay-worldcup2026.zeabur.app/match/41.ics,https://ay-worldcup2026.zeabur.app/?match=41&oracle=1&utm_source=team_schedule_dataset&utm_medium=developer_referral&utm_campaign=wc26_team_schedule_dataset&utm_content=senegal_41
SEN,Senegal,🇸🇳,senegal,https://ay-worldcup2026.zeabur.app/team/senegal,https://ay-worldcup2026.zeabur.app/team/senegal.json,62,group,Group I,I,Toronto Stadium,2026-06-26T19:00:00.000Z,2026-06-27,03:00,true,IRQ,Iraq,🇮🇶,iraq,https://ay-worldcup2026.zeabur.app/match/62,https://ay-worldcup2026.zeabur.app/match/62/answer,https://ay-worldcup2026.zeabur.app/match/62/answer.json,https://ay-worldcup2026.zeabur.app/live-score/senegal-iraq,https://ay-worldcup2026.zeabur.app/match/62.ics,https://ay-worldcup2026.zeabur.app/?match=62&oracle=1&utm_source=team_schedule_dataset&utm_medium=developer_referral&utm_campaign=wc26_team_schedule_dataset&utm_content=senegal_62
RSA,South Africa,🇿🇦,south-africa,https://ay-worldcup2026.zeabur.app/team/south-africa,https://ay-worldcup2026.zeabur.app/team/south-africa.json,1,group,Group A,A,Mexico City Stadium,2026-06-11T19:00:00.000Z,2026-06-12,03:00,false,MEX,Mexico,🇲🇽,mexico,https://ay-worldcup2026.zeabur.app/match/1,https://ay-worldcup2026.zeabur.app/match/1/answer,https://ay-worldcup2026.zeabur.app/match/1/answer.json,https://ay-worldcup2026.zeabur.app/live-score/mexico-south-africa,https://ay-worldcup2026.zeabur.app/match/1.ics,https://ay-worldcup2026.zeabur.app/?match=1&oracle=1&utm_source=team_schedule_dataset&utm_medium=developer_referral&utm_campaign=wc26_team_schedule_dataset&utm_content=south-africa_1
RSA,South Africa,🇿🇦,south-africa,https://ay-worldcup2026.zeabur.app/team/south-africa,https://ay-worldcup2026.zeabur.app/team/south-africa.json,25,group,Group A,A,Atlanta Stadium,2026-06-18T16:00:00.000Z,2026-06-19,00:00,false,CZE,Czechia,🇨🇿,czechia,https://ay-worldcup2026.zeabur.app/match/25,https://ay-worldcup2026.zeabur.app/match/25/answer,https://ay-worldcup2026.zeabur.app/match/25/answer.json,https://ay-worldcup2026.zeabur.app/live-score/czechia-south-africa,https://ay-worldcup2026.zeabur.app/match/25.ics,https://ay-worldcup2026.zeabur.app/?match=25&oracle=1&utm_source=team_schedule_dataset&utm_medium=developer_referral&utm_campaign=wc26_team_schedule_dataset&utm_content=south-africa_25
RSA,South Africa,🇿🇦,south-africa,https://ay-worldcup2026.zeabur.app/team/south-africa,https://ay-worldcup2026.zeabur.app/team/south-africa.json,54,group,Group A,A,Monterrey Stadium,2026-06-25T01:00:00.000Z,2026-06-25,09:00,true,KOR,South Korea,🇰🇷,south-korea,https://ay-worldcup2026.zeabur.app/match/54,https://ay-worldcup2026.zeabur.app/match/54/answer,https://ay-worldcup2026.zeabur.app/match/54/answer.json,https://ay-worldcup2026.zeabur.app/live-score/south-africa-south-korea,https://ay-worldcup2026.zeabur.app/match/54.ics,https://ay-worldcup2026.zeabur.app/?match=54&oracle=1&utm_source=team_schedule_dataset&utm_medium=developer_referral&utm_campaign=wc26_team_schedule_dataset&utm_content=south-africa_54
KOR,South Korea,🇰🇷,south-korea,https://ay-worldcup2026.zeabur.app/team/south-korea,https://ay-worldcup2026.zeabur.app/team/south-korea.json,2,group,Group A,A,Guadalajara Stadium,2026-06-12T02:00:00.000Z,2026-06-12,10:00,true,CZE,Czechia,🇨🇿,czechia,https://ay-worldcup2026.zeabur.app/match/2,https://ay-worldcup2026.zeabur.app/match/2/answer,https://ay-worldcup2026.zeabur.app/match/2/answer.json,https://ay-worldcup2026.zeabur.app/live-score/south-korea-czechia,https://ay-worldcup2026.zeabur.app/match/2.ics,https://ay-worldcup2026.zeabur.app/?match=2&oracle=1&utm_source=team_schedule_dataset&utm_medium=developer_referral&utm_campaign=wc26_team_schedule_dataset&utm_content=south-korea_2
KOR,South Korea,🇰🇷,south-korea,https://ay-worldcup2026.zeabur.app/team/south-korea,https://ay-worldcup2026.zeabur.app/team/south-korea.json,28,group,Group A,A,Guadalajara Stadium,2026-06-19T01:00:00.000Z,2026-06-19,09:00,false,MEX,Mexico,🇲🇽,mexico,https://ay-worldcup2026.zeabur.app/match/28,https://ay-worldcup2026.zeabur.app/match/28/answer,https://ay-worldcup2026.zeabur.app/match/28/answer.json,https://ay-worldcup2026.zeabur.app/live-score/mexico-south-korea,https://ay-worldcup2026.zeabur.app/match/28.ics,https://ay-worldcup2026.zeabur.app/?match=28&oracle=1&utm_source=team_schedule_dataset&utm_medium=developer_referral&utm_campaign=wc26_team_schedule_dataset&utm_content=south-korea_28
KOR,South Korea,🇰🇷,south-korea,https://ay-worldcup2026.zeabur.app/team/south-korea,https://ay-worldcup2026.zeabur.app/team/south-korea.json,54,group,Group A,A,Monterrey Stadium,2026-06-25T01:00:00.000Z,2026-06-25,09:00,false,RSA,South Africa,🇿🇦,south-africa,https://ay-worldcup2026.zeabur.app/match/54,https://ay-worldcup2026.zeabur.app/match/54/answer,https://ay-worldcup2026.zeabur.app/match/54/answer.json,https://ay-worldcup2026.zeabur.app/live-score/south-africa-south-korea,https://ay-worldcup2026.zeabur.app/match/54.ics,https://ay-worldcup2026.zeabur.app/?match=54&oracle=1&utm_source=team_schedule_dataset&utm_medium=developer_referral&utm_campaign=wc26_team_schedule_dataset&utm_content=south-korea_54
ESP,Spain,🇪🇸,spain,https://ay-worldcup2026.zeabur.app/team/spain,https://ay-worldcup2026.zeabur.app/team/spain.json,14,group,Group H,H,Atlanta Stadium,2026-06-15T16:00:00.000Z,2026-06-16,00:00,true,CPV,Cape Verde,🇨🇻,cape-verde,https://ay-worldcup2026.zeabur.app/match/14,https://ay-worldcup2026.zeabur.app/match/14/answer,https://ay-worldcup2026.zeabur.app/match/14/answer.json,https://ay-worldcup2026.zeabur.app/live-score/spain-cape-verde,https://ay-worldcup2026.zeabur.app/match/14.ics,https://ay-worldcup2026.zeabur.app/?match=14&oracle=1&utm_source=team_schedule_dataset&utm_medium=developer_referral&utm_campaign=wc26_team_schedule_dataset&utm_content=spain_14
ESP,Spain,🇪🇸,spain,https://ay-worldcup2026.zeabur.app/team/spain,https://ay-worldcup2026.zeabur.app/team/spain.json,38,group,Group H,H,Atlanta Stadium,2026-06-21T16:00:00.000Z,2026-06-22,00:00,true,KSA,Saudi Arabia,🇸🇦,saudi-arabia,https://ay-worldcup2026.zeabur.app/match/38,https://ay-worldcup2026.zeabur.app/match/38/answer,https://ay-worldcup2026.zeabur.app/match/38/answer.json,https://ay-worldcup2026.zeabur.app/live-score/spain-saudi-arabia,https://ay-worldcup2026.zeabur.app/match/38.ics,https://ay-worldcup2026.zeabur.app/?match=38&oracle=1&utm_source=team_schedule_dataset&utm_medium=developer_referral&utm_campaign=wc26_team_schedule_dataset&utm_content=spain_38
ESP,Spain,🇪🇸,spain,https://ay-worldcup2026.zeabur.app/team/spain,https://ay-worldcup2026.zeabur.app/team/spain.json,66,group,Group H,H,Guadalajara Stadium,2026-06-27T00:00:00.000Z,2026-06-27,08:00,false,URU,Uruguay,🇺🇾,uruguay,https://ay-worldcup2026.zeabur.app/match/66,https://ay-worldcup2026.zeabur.app/match/66/answer,https://ay-worldcup2026.zeabur.app/match/66/answer.json,https://ay-worldcup2026.zeabur.app/live-score/uruguay-spain,https://ay-worldcup2026.zeabur.app/match/66.ics,https://ay-worldcup2026.zeabur.app/?match=66&oracle=1&utm_source=team_schedule_dataset&utm_medium=developer_referral&utm_campaign=wc26_team_schedule_dataset&utm_content=spain_66
SWE,Sweden,🇸🇪,sweden,https://ay-worldcup2026.zeabur.app/team/sweden,https://ay-worldcup2026.zeabur.app/team/sweden.json,12,group,Group F,F,Monterrey Stadium,2026-06-15T02:00:00.000Z,2026-06-15,10:00,true,TUN,Tunisia,🇹🇳,tunisia,https://ay-worldcup2026.zeabur.app/match/12,https://ay-worldcup2026.zeabur.app/match/12/answer,https://ay-worldcup2026.zeabur.app/match/12/answer.json,https://ay-worldcup2026.zeabur.app/live-score/sweden-tunisia,https://ay-worldcup2026.zeabur.app/match/12.ics,https://ay-worldcup2026.zeabur.app/?match=12&oracle=1&utm_source=team_schedule_dataset&utm_medium=developer_referral&utm_campaign=wc26_team_schedule_dataset&utm_content=sweden_12
SWE,Sweden,🇸🇪,sweden,https://ay-worldcup2026.zeabur.app/team/sweden,https://ay-worldcup2026.zeabur.app/team/sweden.json,35,group,Group F,F,Houston Stadium,2026-06-20T17:00:00.000Z,2026-06-21,01:00,false,NED,Netherlands,🇳🇱,netherlands,https://ay-worldcup2026.zeabur.app/match/35,https://ay-worldcup2026.zeabur.app/match/35/answer,https://ay-worldcup2026.zeabur.app/match/35/answer.json,https://ay-worldcup2026.zeabur.app/live-score/netherlands-sweden,https://ay-worldcup2026.zeabur.app/match/35.ics,https://ay-worldcup2026.zeabur.app/?match=35&oracle=1&utm_source=team_schedule_dataset&utm_medium=developer_referral&utm_campaign=wc26_team_schedule_dataset&utm_content=sweden_35
SWE,Sweden,🇸🇪,sweden,https://ay-worldcup2026.zeabur.app/team/sweden,https://ay-worldcup2026.zeabur.app/team/sweden.json,57,group,Group F,F,Dallas Stadium,2026-06-25T23:00:00.000Z,2026-06-26,07:00,false,JPN,Japan,🇯🇵,japan,https://ay-worldcup2026.zeabur.app/match/57,https://ay-worldcup2026.zeabur.app/match/57/answer,https://ay-worldcup2026.zeabur.app/match/57/answer.json,https://ay-worldcup2026.zeabur.app/live-score/japan-sweden,https://ay-worldcup2026.zeabur.app/match/57.ics,https://ay-worldcup2026.zeabur.app/?match=57&oracle=1&utm_source=team_schedule_dataset&utm_medium=developer_referral&utm_campaign=wc26_team_schedule_dataset&utm_content=sweden_57
SUI,Switzerland,🇨🇭,switzerland,https://ay-worldcup2026.zeabur.app/team/switzerland,https://ay-worldcup2026.zeabur.app/team/switzerland.json,8,group,Group B,B,San Francisco Bay Area Stadium,2026-06-13T19:00:00.000Z,2026-06-14,03:00,false,QAT,Qatar,🇶🇦,qatar,https://ay-worldcup2026.zeabur.app/match/8,https://ay-worldcup2026.zeabur.app/match/8/answer,https://ay-worldcup2026.zeabur.app/match/8/answer.json,https://ay-worldcup2026.zeabur.app/live-score/qatar-switzerland,https://ay-worldcup2026.zeabur.app/match/8.ics,https://ay-worldcup2026.zeabur.app/?match=8&oracle=1&utm_source=team_schedule_dataset&utm_medium=developer_referral&utm_campaign=wc26_team_schedule_dataset&utm_content=switzerland_8
SUI,Switzerland,🇨🇭,switzerland,https://ay-worldcup2026.zeabur.app/team/switzerland,https://ay-worldcup2026.zeabur.app/team/switzerland.json,26,group,Group B,B,Los Angeles Stadium,2026-06-18T19:00:00.000Z,2026-06-19,03:00,true,BIH,Bosnia & Herzegovina,🇧🇦,bosnia-and-herzegovina,https://ay-worldcup2026.zeabur.app/match/26,https://ay-worldcup2026.zeabur.app/match/26/answer,https://ay-worldcup2026.zeabur.app/match/26/answer.json,https://ay-worldcup2026.zeabur.app/live-score/switzerland-bosnia-and-herzegovina,https://ay-worldcup2026.zeabur.app/match/26.ics,https://ay-worldcup2026.zeabur.app/?match=26&oracle=1&utm_source=team_schedule_dataset&utm_medium=developer_referral&utm_campaign=wc26_team_schedule_dataset&utm_content=switzerland_26
SUI,Switzerland,🇨🇭,switzerland,https://ay-worldcup2026.zeabur.app/team/switzerland,https://ay-worldcup2026.zeabur.app/team/switzerland.json,51,group,Group B,B,BC Place Vancouver,2026-06-24T19:00:00.000Z,2026-06-25,03:00,true,CAN,Canada,🇨🇦,canada,https://ay-worldcup2026.zeabur.app/match/51,https://ay-worldcup2026.zeabur.app/match/51/answer,https://ay-worldcup2026.zeabur.app/match/51/answer.json,https://ay-worldcup2026.zeabur.app/live-score/switzerland-canada,https://ay-worldcup2026.zeabur.app/match/51.ics,https://ay-worldcup2026.zeabur.app/?match=51&oracle=1&utm_source=team_schedule_dataset&utm_medium=developer_referral&utm_campaign=wc26_team_schedule_dataset&utm_content=switzerland_51
TUN,Tunisia,🇹🇳,tunisia,https://ay-worldcup2026.zeabur.app/team/tunisia,https://ay-worldcup2026.zeabur.app/team/tunisia.json,12,group,Group F,F,Monterrey Stadium,2026-06-15T02:00:00.000Z,2026-06-15,10:00,false,SWE,Sweden,🇸🇪,sweden,https://ay-worldcup2026.zeabur.app/match/12,https://ay-worldcup2026.zeabur.app/match/12/answer,https://ay-worldcup2026.zeabur.app/match/12/answer.json,https://ay-worldcup2026.zeabur.app/live-score/sweden-tunisia,https://ay-worldcup2026.zeabur.app/match/12.ics,https://ay-worldcup2026.zeabur.app/?match=12&oracle=1&utm_source=team_schedule_dataset&utm_medium=developer_referral&utm_campaign=wc26_team_schedule_dataset&utm_content=tunisia_12
TUN,Tunisia,🇹🇳,tunisia,https://ay-worldcup2026.zeabur.app/team/tunisia,https://ay-worldcup2026.zeabur.app/team/tunisia.json,36,group,Group F,F,Monterrey Stadium,2026-06-21T04:00:00.000Z,2026-06-21,12:00,true,JPN,Japan,🇯🇵,japan,https://ay-worldcup2026.zeabur.app/match/36,https://ay-worldcup2026.zeabur.app/match/36/answer,https://ay-worldcup2026.zeabur.app/match/36/answer.json,https://ay-worldcup2026.zeabur.app/live-score/tunisia-japan,https://ay-worldcup2026.zeabur.app/match/36.ics,https://ay-worldcup2026.zeabur.app/?match=36&oracle=1&utm_source=team_schedule_dataset&utm_medium=developer_referral&utm_campaign=wc26_team_schedule_dataset&utm_content=tunisia_36
TUN,Tunisia,🇹🇳,tunisia,https://ay-worldcup2026.zeabur.app/team/tunisia,https://ay-worldcup2026.zeabur.app/team/tunisia.json,58,group,Group F,F,Kansas City Stadium,2026-06-25T23:00:00.000Z,2026-06-26,07:00,true,NED,Netherlands,🇳🇱,netherlands,https://ay-worldcup2026.zeabur.app/match/58,https://ay-worldcup2026.zeabur.app/match/58/answer,https://ay-worldcup2026.zeabur.app/match/58/answer.json,https://ay-worldcup2026.zeabur.app/live-score/tunisia-netherlands,https://ay-worldcup2026.zeabur.app/match/58.ics,https://ay-worldcup2026.zeabur.app/?match=58&oracle=1&utm_source=team_schedule_dataset&utm_medium=developer_referral&utm_campaign=wc26_team_schedule_dataset&utm_content=tunisia_58
TUR,Türkiye,🇹🇷,turkiye,https://ay-worldcup2026.zeabur.app/team/turkiye,https://ay-worldcup2026.zeabur.app/team/turkiye.json,6,group,Group D,D,BC Place Vancouver,2026-06-14T04:00:00.000Z,2026-06-14,12:00,false,AUS,Australia,🇦🇺,australia,https://ay-worldcup2026.zeabur.app/match/6,https://ay-worldcup2026.zeabur.app/match/6/answer,https://ay-worldcup2026.zeabur.app/match/6/answer.json,https://ay-worldcup2026.zeabur.app/live-score/australia-turkiye,https://ay-worldcup2026.zeabur.app/match/6.ics,https://ay-worldcup2026.zeabur.app/?match=6&oracle=1&utm_source=team_schedule_dataset&utm_medium=developer_referral&utm_campaign=wc26_team_schedule_dataset&utm_content=turkiye_6
TUR,Türkiye,🇹🇷,turkiye,https://ay-worldcup2026.zeabur.app/team/turkiye,https://ay-worldcup2026.zeabur.app/team/turkiye.json,31,group,Group D,D,San Francisco Bay Area Stadium,2026-06-20T03:00:00.000Z,2026-06-20,11:00,true,PAR,Paraguay,🇵🇾,paraguay,https://ay-worldcup2026.zeabur.app/match/31,https://ay-worldcup2026.zeabur.app/match/31/answer,https://ay-worldcup2026.zeabur.app/match/31/answer.json,https://ay-worldcup2026.zeabur.app/live-score/turkiye-paraguay,https://ay-worldcup2026.zeabur.app/match/31.ics,https://ay-worldcup2026.zeabur.app/?match=31&oracle=1&utm_source=team_schedule_dataset&utm_medium=developer_referral&utm_campaign=wc26_team_schedule_dataset&utm_content=turkiye_31
TUR,Türkiye,🇹🇷,turkiye,https://ay-worldcup2026.zeabur.app/team/turkiye,https://ay-worldcup2026.zeabur.app/team/turkiye.json,59,group,Group D,D,Los Angeles Stadium,2026-06-26T02:00:00.000Z,2026-06-26,10:00,true,USA,United States,🇺🇸,usa,https://ay-worldcup2026.zeabur.app/match/59,https://ay-worldcup2026.zeabur.app/match/59/answer,https://ay-worldcup2026.zeabur.app/match/59/answer.json,https://ay-worldcup2026.zeabur.app/live-score/turkiye-usa,https://ay-worldcup2026.zeabur.app/match/59.ics,https://ay-worldcup2026.zeabur.app/?match=59&oracle=1&utm_source=team_schedule_dataset&utm_medium=developer_referral&utm_campaign=wc26_team_schedule_dataset&utm_content=turkiye_59
USA,United States,🇺🇸,usa,https://ay-worldcup2026.zeabur.app/team/usa,https://ay-worldcup2026.zeabur.app/team/usa.json,4,group,Group D,D,Los Angeles Stadium,2026-06-13T01:00:00.000Z,2026-06-13,09:00,true,PAR,Paraguay,🇵🇾,paraguay,https://ay-worldcup2026.zeabur.app/match/4,https://ay-worldcup2026.zeabur.app/match/4/answer,https://ay-worldcup2026.zeabur.app/match/4/answer.json,https://ay-worldcup2026.zeabur.app/live-score/usa-paraguay,https://ay-worldcup2026.zeabur.app/match/4.ics,https://ay-worldcup2026.zeabur.app/?match=4&oracle=1&utm_source=team_schedule_dataset&utm_medium=developer_referral&utm_campaign=wc26_team_schedule_dataset&utm_content=usa_4
USA,United States,🇺🇸,usa,https://ay-worldcup2026.zeabur.app/team/usa,https://ay-worldcup2026.zeabur.app/team/usa.json,32,group,Group D,D,Seattle Stadium,2026-06-19T19:00:00.000Z,2026-06-20,03:00,true,AUS,Australia,🇦🇺,australia,https://ay-worldcup2026.zeabur.app/match/32,https://ay-worldcup2026.zeabur.app/match/32/answer,https://ay-worldcup2026.zeabur.app/match/32/answer.json,https://ay-worldcup2026.zeabur.app/live-score/usa-australia,https://ay-worldcup2026.zeabur.app/match/32.ics,https://ay-worldcup2026.zeabur.app/?match=32&oracle=1&utm_source=team_schedule_dataset&utm_medium=developer_referral&utm_campaign=wc26_team_schedule_dataset&utm_content=usa_32
USA,United States,🇺🇸,usa,https://ay-worldcup2026.zeabur.app/team/usa,https://ay-worldcup2026.zeabur.app/team/usa.json,59,group,Group D,D,Los Angeles Stadium,2026-06-26T02:00:00.000Z,2026-06-26,10:00,false,TUR,Türkiye,🇹🇷,turkiye,https://ay-worldcup2026.zeabur.app/match/59,https://ay-worldcup2026.zeabur.app/match/59/answer,https://ay-worldcup2026.zeabur.app/match/59/answer.json,https://ay-worldcup2026.zeabur.app/live-score/turkiye-usa,https://ay-worldcup2026.zeabur.app/match/59.ics,https://ay-worldcup2026.zeabur.app/?match=59&oracle=1&utm_source=team_schedule_dataset&utm_medium=developer_referral&utm_campaign=wc26_team_schedule_dataset&utm_content=usa_59
URU,Uruguay,🇺🇾,uruguay,https://ay-worldcup2026.zeabur.app/team/uruguay,https://ay-worldcup2026.zeabur.app/team/uruguay.json,13,group,Group H,H,Miami Stadium,2026-06-15T22:00:00.000Z,2026-06-16,06:00,false,KSA,Saudi Arabia,🇸🇦,saudi-arabia,https://ay-worldcup2026.zeabur.app/match/13,https://ay-worldcup2026.zeabur.app/match/13/answer,https://ay-worldcup2026.zeabur.app/match/13/answer.json,https://ay-worldcup2026.zeabur.app/live-score/saudi-arabia-uruguay,https://ay-worldcup2026.zeabur.app/match/13.ics,https://ay-worldcup2026.zeabur.app/?match=13&oracle=1&utm_source=team_schedule_dataset&utm_medium=developer_referral&utm_campaign=wc26_team_schedule_dataset&utm_content=uruguay_13
URU,Uruguay,🇺🇾,uruguay,https://ay-worldcup2026.zeabur.app/team/uruguay,https://ay-worldcup2026.zeabur.app/team/uruguay.json,37,group,Group H,H,Miami Stadium,2026-06-21T22:00:00.000Z,2026-06-22,06:00,true,CPV,Cape Verde,🇨🇻,cape-verde,https://ay-worldcup2026.zeabur.app/match/37,https://ay-worldcup2026.zeabur.app/match/37/answer,https://ay-worldcup2026.zeabur.app/match/37/answer.json,https://ay-worldcup2026.zeabur.app/live-score/uruguay-cape-verde,https://ay-worldcup2026.zeabur.app/match/37.ics,https://ay-worldcup2026.zeabur.app/?match=37&oracle=1&utm_source=team_schedule_dataset&utm_medium=developer_referral&utm_campaign=wc26_team_schedule_dataset&utm_content=uruguay_37
URU,Uruguay,🇺🇾,uruguay,https://ay-worldcup2026.zeabur.app/team/uruguay,https://ay-worldcup2026.zeabur.app/team/uruguay.json,66,group,Group H,H,Guadalajara Stadium,2026-06-27T00:00:00.000Z,2026-06-27,08:00,true,ESP,Spain,🇪🇸,spain,https://ay-worldcup2026.zeabur.app/match/66,https://ay-worldcup2026.zeabur.app/match/66/answer,https://ay-worldcup2026.zeabur.app/match/66/answer.json,https://ay-worldcup2026.zeabur.app/live-score/uruguay-spain,https://ay-worldcup2026.zeabur.app/match/66.ics,https://ay-worldcup2026.zeabur.app/?match=66&oracle=1&utm_source=team_schedule_dataset&utm_medium=developer_referral&utm_campaign=wc26_team_schedule_dataset&utm_content=uruguay_66
UZB,Uzbekistan,🇺🇿,uzbekistan,https://ay-worldcup2026.zeabur.app/team/uzbekistan,https://ay-worldcup2026.zeabur.app/team/uzbekistan.json,24,group,Group K,K,Mexico City Stadium,2026-06-18T02:00:00.000Z,2026-06-18,10:00,true,COL,Colombia,🇨🇴,colombia,https://ay-worldcup2026.zeabur.app/match/24,https://ay-worldcup2026.zeabur.app/match/24/answer,https://ay-worldcup2026.zeabur.app/match/24/answer.json,https://ay-worldcup2026.zeabur.app/live-score/uzbekistan-colombia,https://ay-worldcup2026.zeabur.app/match/24.ics,https://ay-worldcup2026.zeabur.app/?match=24&oracle=1&utm_source=team_schedule_dataset&utm_medium=developer_referral&utm_campaign=wc26_team_schedule_dataset&utm_content=uzbekistan_24
UZB,Uzbekistan,🇺🇿,uzbekistan,https://ay-worldcup2026.zeabur.app/team/uzbekistan,https://ay-worldcup2026.zeabur.app/team/uzbekistan.json,47,group,Group K,K,Houston Stadium,2026-06-23T17:00:00.000Z,2026-06-24,01:00,false,POR,Portugal,🇵🇹,portugal,https://ay-worldcup2026.zeabur.app/match/47,https://ay-worldcup2026.zeabur.app/match/47/answer,https://ay-worldcup2026.zeabur.app/match/47/answer.json,https://ay-worldcup2026.zeabur.app/live-score/portugal-uzbekistan,https://ay-worldcup2026.zeabur.app/match/47.ics,https://ay-worldcup2026.zeabur.app/?match=47&oracle=1&utm_source=team_schedule_dataset&utm_medium=developer_referral&utm_campaign=wc26_team_schedule_dataset&utm_content=uzbekistan_47
UZB,Uzbekistan,🇺🇿,uzbekistan,https://ay-worldcup2026.zeabur.app/team/uzbekistan,https://ay-worldcup2026.zeabur.app/team/uzbekistan.json,72,group,Group K,K,Atlanta Stadium,2026-06-27T23:30:00.000Z,2026-06-28,07:30,false,COD,Congo - Kinshasa,🇨🇩,congo-kinshasa,https://ay-worldcup2026.zeabur.app/match/72,https://ay-worldcup2026.zeabur.app/match/72/answer,https://ay-worldcup2026.zeabur.app/match/72/answer.json,https://ay-worldcup2026.zeabur.app/live-score/congo-kinshasa-uzbekistan,https://ay-worldcup2026.zeabur.app/match/72.ics,https://ay-worldcup2026.zeabur.app/?match=72&oracle=1&utm_source=team_schedule_dataset&utm_medium=developer_referral&utm_campaign=wc26_team_schedule_dataset&utm_content=uzbekistan_72
